tiff,anyScriptOrigin,validate,jpg,png,onload,pdf,config_id,dpi,resolution,quality,indexed
0,1,1,1,0,1,0,1,100,8294400,0.9,8
0,0,0,0,0,1,1,2,100,307200,0.1,2
0,1,0,0,0,0,1,3,400,307200,0.1,1
0,1,1,0,0,0,1,4,400,307200,0.1,1
0,1,1,1,0,1,0,5,50,8294400,0.9,8
0,0,0,0,0,1,1,6,400,307200,0.1,1
0,1,1,0,1,0,0,7,200,307200,0.1,1
0,1,1,1,0,0,0,8,50,2073600,0.1,1
0,1,0,0,0,0,1,9,400,307200,0.1,8
1,1,1,0,0,1,0,10,400,2073600,0.1,8
0,1,1,1,0,1,0,11,50,2073600,0.9,8
1,1,1,0,0,0,0,12,200,307200,0.1,1
0,0,0,0,1,0,0,13,400,8294400,0.1,2
0,1,1,1,0,1,0,14,100,2073600,0.9,8
1,1,1,0,0,1,0,15,400,2073600,0.1,4
0,1,1,1,0,1,0,16,400,2073600,0.9,8
0,0,0,0,0,1,1,17,400,307200,0.1,8
0,1,1,0,1,1,0,18,400,2073600,0.1,8
0,0,0,0,1,0,0,19,50,8294400,0.1,1
1,0,0,0,0,0,0,20,50,8294400,0.1,1
0,0,0,0,1,0,0,21,50,2073600,0.1,1
0,1,1,1,0,1,0,22,50,307200,0.9,8
1,0,0,0,0,0,0,23,50,2073600,0.1,1
1,1,1,0,0,0,0,24,400,307200,0.1,1
0,1,0,0,0,0,1,25,200,307200,0.1,8
0,1,1,1,0,1,0,26,100,307200,0.9,8
0,0,0,0,1,0,0,27,100,2073600,0.1,1
0,1,1,1,0,1,0,28,200,2073600,0.9,8
0,1,1,0,1,0,0,29,400,307200,0.1,1
0,1,1,0,0,0,1,30,50,307200,0.1,1
0,1,1,0,0,0,1,31,100,307200,0.1,1
1,0,0,0,0,0,0,32,100,2073600,0.1,1
0,1,1,1,0,1,0,33,200,8294400,0.9,8
0,1,1,1,0,1,0,34,400,8294400,0.9,8
0,1,1,0,1,1,0,35,400,2073600,0.1,4
0,1,1,0,0,1,1,36,50,2073600,0.1,8
0,0,0,0,0,1,1,37,200,307200,0.1,8
0,1,1,0,1,0,0,38,50,307200,0.1,1
0,1,0,0,0,0,1,39,100,307200,0.1,8
0,0,0,0,0,1,1,40,100,307200,0.1,8
1,1,1,0,0,0,0,41,50,307200,0.1,1
0,0,1,0,0,0,1,42,200,307200,0.1,8
1,1,1,0,0,0,0,43,100,307200,0.1,1
0,1,1,1,0,1,0,44,400,8294400,0.1,8
0,1,1,0,0,1,1,45,50,2073600,0.1,4
0,1,1,0,1,0,0,46,100,307200,0.1,1
0,1,1,0,0,1,1,47,200,2073600,0.1,8
0,0,1,0,1,1,0,48,400,307200,0.1,1
0,0,0,0,1,0,0,49,100,8294400,0.1,1
1,0,0,0,0,0,0,50,100,8294400,0.1,1
0,1,1,0,0,1,1,51,200,2073600,0.1,4
0,0,0,0,0,0,1,52,100,8294400,0.1,1
1,0,1,0,0,1,0,53,400,307200,0.1,1
0,1,1,1,0,1,0,54,200,8294400,0.1,8
0,0,1,0,0,0,1,55,100,307200,0.1,8
0,1,1,1,0,1,0,56,400,2073600,0.1,8
0,1,0,0,0,0,1,57,200,307200,0.1,4
0,1,1,1,0,1,0,58,200,2073600,0.1,8
0,1,1,1,0,1,0,59,50,307200,0.1,8
0,0,0,0,0,0,1,60,100,2073600,0.1,1
1,0,0,0,0,0,0,61,100,307200,0.1,1
0,0,1,0,0,0,1,62,200,307200,0.1,4
0,0,0,0,0,1,1,63,200,307200,0.1,4
0,1,0,0,0,0,1,64,200,307200,0.1,1
0,1,1,1,0,1,0,65,100,307200,0.1,8
0,1,1,0,0,1,1,66,400,307200,0.1,8
0,0,1,0,0,0,1,67,200,307200,0.1,1
0,1,1,0,0,1,1,68,400,307200,0.1,4
0,0,1,0,0,1,1,69,400,307200,0.1,1
0,0,1,0,1,1,0,70,50,307200,0.1,1
0,0,0,0,1,0,0,71,100,307200,0.1,1
1,1,1,0,0,1,0,72,50,307200,0.1,8
1,0,1,0,0,1,0,73,50,307200,0.1,1
1,0,0,0,0,0,0,74,50,307200,0.1,1
0,0,1,0,0,1,1,75,50,307200,0.1,1
1,0,1,0,0,1,0,76,100,307200,0.1,1
0,0,0,0,0,1,1,77,200,307200,0.1,1
0,1,0,0,0,0,1,78,100,307200,0.1,4
0,0,1,0,0,0,1,79,100,307200,0.1,4
0,1,1,1,0,1,0,80,400,307200,0.1,8
1,1,1,0,0,1,0,81,50,307200,0.1,4
0,0,0,0,0,1,1,82,100,307200,0.1,4
0,1,0,0,0,0,1,83,100,307200,0.1,1
0,1,1,0,1,1,0,84,50,307200,0.1,8
0,0,1,0,0,0,1,85,100,307200,0.1,1
0,1,1,1,0,1,0,86,200,307200,0.1,8
0,1,1,0,1,1,0,87,50,307200,0.1,4
0,0,1,0,1,1,0,88,100,307200,0.1,1
1,1,1,0,0,1,0,89,200,307200,0.1,8
0,0,0,0,0,1,1,90,100,307200,0.1,1
0,0,1,0,0,1,1,91,100,307200,0.1,1
0,0,1,1,0,0,0,92,400,307200,0.9,1
0,0,1,1,0,0,0,93,400,307200,0.9,4
0,1,0,0,1,0,0,94,100,307200,0.1,8
0,0,1,1,0,0,0,95,400,307200,0.9,2
0,1,1,1,0,1,0,96,400,307200,0.9,8
0,0,0,1,0,1,0,97,400,307200,0.9,4
1,1,1,0,0,1,0,98,200,307200,0.1,4
0,1,1,0,1,1,0,99,200,307200,0.1,8
0,1,1,0,1,1,0,100,200,307200,0.1,4
0,1,0,0,1,0,0,101,100,307200,0.1,4
0,0,0,0,1,0,0,102,50,307200,0.1,1
0,1,0,1,0,0,0,103,400,307200,0.9,4
0,1,1,0,1,1,0,104,400,8294400,0.1,4
0,1,1,0,1,1,0,105,400,8294400,0.1,8
1,0,0,0,0,0,0,106,400,307200,0.1,1
0,0,1,0,1,0,0,107,100,307200,0.1,8
0,0,0,0,1,0,0,108,400,307200,0.1,1
0,0,0,0,0,0,1,109,400,307200,0.1,1
0,1,1,0,1,1,0,110,400,307200,0.1,1
0,0,1,0,1,0,0,111,100,307200,0.1,4
0,0,0,0,0,0,1,112,50,307200,0.1,1
0,0,0,0,0,0,1,113,100,307200,0.1,1
1,0,0,0,0,0,0,114,400,307200,0.1,4
0,1,1,1,0,1,0,115,200,307200,0.9,8
0,0,0,0,1,1,0,116,100,307200,0.1,8
0,1,1,1,0,1,0,117,100,2073600,0.1,8
0,0,0,0,1,1,0,118,100,307200,0.1,4
0,0,0,0,1,1,0,119,200,307200,0.1,8
0,0,0,0,1,0,0,120,400,307200,0.1,4
0,1,1,1,0,1,0,121,100,2073600,0.9,4
1,0,0,0,0,1,0,122,200,307200,0.1,8
1,0,0,0,0,0,0,123,50,307200,0.1,4
0,0,0,1,0,0,0,124,200,307200,0.9,8
0,1,1,1,0,1,0,125,100,2073600,0.1,4
0,1,1,1,0,1,0,126,100,2073600,0.9,1
0,0,0,0,1,0,0,127,50,307200,0.1,4
1,1,1,0,0,1,0,128,400,307200,0.1,1
1,0,0,0,0,0,0,129,100,307200,0.1,4
0,0,0,1,0,0,0,130,200,307200,0.1,8
0,0,0,0,0,1,1,131,200,2073600,0.1,8
0,0,0,0,1,1,0,132,200,2073600,0.1,8
0,1,1,1,0,1,0,133,50,2073600,0.9,1
0,0,0,1,0,1,0,134,400,307200,0.9,1
0,1,0,1,0,0,0,135,400,307200,0.9,1
0,1,1,0,1,1,0,136,50,8294400,0.1,1
0,0,0,1,0,1,0,137,400,307200,0.9,2
1,0,0,0,0,1,0,138,200,2073600,0.1,8
0,0,0,1,0,0,0,139,200,2073600,0.9,8
0,0,0,0,1,0,0,140,100,307200,0.1,4
1,1,1,0,0,1,0,141,50,8294400,0.1,1
0,1,1,0,0,1,1,142,50,307200,0.1,1
0,1,1,0,0,1,1,143,400,8294400,0.1,1
1,1,1,0,0,1,0,144,400,307200,0.1,4
0,0,0,1,0,0,0,145,200,2073600,0.1,8
0,1,0,0,1,0,0,146,200,307200,0.1,8
1,1,0,0,0,0,0,147,200,307200,0.1,8
0,1,1,1,0,1,0,148,50,2073600,0.1,1
0,1,0,1,0,0,0,149,400,307200,0.9,2
0,0,0,1,0,1,0,150,400,8294400,0.9,4
0,1,0,0,1,0,0,151,200,2073600,0.1,8
1,1,1,0,0,1,0,152,400,307200,0.1,8
1,1,0,0,0,0,0,153,200,2073600,0.1,8
0,1,1,0,0,1,1,154,400,8294400,0.1,4
1,0,0,0,0,0,0,155,50,307200,0.1,2
0,1,1,0,0,1,1,156,400,8294400,0.1,8
0,1,1,0,1,1,0,157,400,307200,0.1,4
0,1,1,0,1,1,0,158,400,307200,0.1,8
0,1,1,1,0,1,0,159,100,2073600,0.1,1
0,1,1,0,0,1,1,160,100,307200,0.1,4
0,1,1,0,0,1,1,161,100,307200,0.1,8
0,0,0,0,1,0,0,162,50,307200,0.1,2
0,0,0,1,0,1,0,163,400,8294400,0.9,1
0,0,0,1,0,1,0,164,400,8294400,0.9,2
1,0,0,0,0,0,0,165,400,307200,0.1,2
0,0,0,0,1,0,0,166,400,307200,0.1,2
0,1,0,0,0,0,1,167,200,2073600,0.1,8
0,1,1,0,0,1,1,168,100,307200,0.1,1
0,1,1,0,0,1,1,169,400,2073600,0.1,1
0,1,1,1,0,1,0,170,50,8294400,0.9,1
0,1,1,1,0,1,0,171,50,8294400,0.1,1
0,0,0,1,0,1,0,172,400,2073600,0.9,4
1,1,1,0,0,1,0,173,100,8294400,0.1,1
0,1,1,0,1,1,0,174,100,8294400,0.1,1
0,1,1,1,0,1,0,175,50,8294400,0.9,2
0,1,1,1,0,1,0,176,50,8294400,0.1,2
0,1,1,1,0,0,0,177,100,8294400,0.9,1
0,0,0,0,0,1,1,178,200,2073600,0.1,4
0,1,1,1,0,1,0,179,50,8294400,0.9,4
1,0,0,0,0,0,0,180,100,307200,0.1,2
0,1,1,1,0,1,0,181,50,8294400,0.1,4
0,0,0,1,0,1,0,182,50,307200,0.9,4
0,1,1,1,0,1,0,183,100,8294400,0.9,1
0,0,0,0,1,0,0,184,100,307200,0.1,2
0,1,1,1,0,1,0,185,100,8294400,0.1,1
1,0,0,0,0,0,0,186,400,307200,0.1,8
0,0,0,0,1,1,0,187,200,2073600,0.1,4
0,0,0,0,1,0,0,188,400,307200,0.1,8
0,0,1,1,0,0,0,189,50,307200,0.9,4
1,0,0,0,0,1,0,190,200,2073600,0.1,4
1,0,0,0,0,0,0,191,50,307200,0.1,8
0,1,0,1,0,1,0,192,100,8294400,0.9,1
0,1,1,1,0,1,0,193,100,8294400,0.9,2
0,0,0,1,0,1,0,194,50,307200,0.1,4
0,0,0,0,1,1,0,195,200,307200,0.1,4
0,1,1,1,0,0,0,196,100,8294400,0.9,4
0,0,0,0,1,0,0,197,50,307200,0.1,8
0,1,1,1,0,0,0,198,100,8294400,0.9,8
1,0,0,0,0,1,0,199,200,307200,0.1,4
0,1,1,1,0,1,0,200,100,8294400,0.1,2
0,1,1,1,0,1,0,201,100,8294400,0.9,4
0,0,0,1,0,1,0,202,400,307200,0.1,4
0,1,1,1,0,1,0,203,100,8294400,0.1,4
0,0,0,0,0,0,1,204,400,307200,0.1,8
1,1,1,0,0,1,0,205,100,8294400,0.1,4
0,0,0,0,0,0,1,206,50,307200,0.1,8
0,0,0,1,0,0,0,207,200,2073600,0.9,4
1,1,1,0,0,1,0,208,100,8294400,0.1,8
0,0,1,1,0,0,0,209,400,307200,0.1,4
0,0,1,1,0,0,0,210,50,307200,0.1,4
0,0,0,1,0,0,0,211,200,2073600,0.1,4
0,0,0,1,0,0,0,212,200,307200,0.9,4
0,1,1,1,0,1,0,213,400,8294400,0.9,1
0,0,0,1,0,0,0,214,200,307200,0.1,4
0,0,1,0,1,1,0,215,400,307200,0.1,4
0,1,1,1,0,1,0,216,200,8294400,0.9,1
0,1,1,1,0,1,0,217,200,8294400,0.9,4
1,0,1,0,0,1,0,218,400,307200,0.1,4
0,1,1,0,1,1,0,219,100,8294400,0.1,4
0,1,0,0,0,0,1,220,200,2073600,0.1,4
0,1,1,1,0,1,0,221,200,2073600,0.9,4
0,0,1,0,0,1,1,222,400,307200,0.1,4
0,1,1,1,0,1,0,223,400,2073600,0.9,4
1,0,0,0,0,0,0,224,100,307200,0.1,8
0,0,0,0,1,0,0,225,100,307200,0.1,8
0,0,0,0,0,0,1,226,100,307200,0.1,8
0,0,0,0,0,0,1,227,400,307200,0.1,4
0,1,1,1,0,1,0,228,400,2073600,0.1,4
0,1,1,1,0,1,0,229,100,307200,0.1,4
0,0,1,0,1,1,0,230,50,307200,0.1,4
1,0,0,0,0,0,0,231,400,8294400,0.1,4
1,0,1,0,0,1,0,232,50,307200,0.1,4
0,1,1,1,0,1,0,233,400,307200,0.1,4
0,1,1,0,1,1,0,234,100,8294400,0.1,8
0,1,1,1,0,1,0,235,400,307200,0.9,4
0,0,0,0,1,0,0,236,400,8294400,0.1,4
0,1,1,1,0,1,0,237,200,307200,0.9,4
1,0,0,0,0,0,0,238,50,8294400,0.1,4
0,0,1,0,0,0,1,239,200,2073600,0.1,8
0,0,1,0,0,1,1,240,50,307200,0.1,4
0,1,0,1,0,1,0,241,100,8294400,0.9,4
0,0,1,0,0,0,1,242,200,2073600,0.1,4
0,0,0,0,1,0,0,243,50,8294400,0.1,4
0,1,1,1,0,1,0,244,200,307200,0.1,4
1,0,0,0,0,0,0,245,400,8294400,0.1,1
0,0,0,1,0,1,0,246,50,8294400,0.9,4
0,0,0,1,0,1,0,247,400,8294400,0.1,4
0,0,0,0,0,1,1,248,50,307200,0.1,8
0,0,0,1,0,1,0,249,50,8294400,0.1,4
0,1,1,1,0,1,0,250,400,307200,0.9,1
0,0,0,0,0,1,1,251,400,2073600,0.1,8
0,1,1,1,0,1,0,252,400,307200,0.1,1
0,1,1,1,0,1,0,253,200,307200,0.1,1
0,1,1,1,0,1,0,254,200,307200,0.9,1
0,1,1,1,0,1,0,255,50,2073600,0.1,4
0,0,0,0,0,1,1,256,50,2073600,0.1,8
0,1,1,1,0,1,0,257,50,2073600,0.9,4
0,0,0,0,0,1,1,258,100,2073600,0.1,8
0,0,0,0,1,1,0,259,400,307200,0.1,8
0,0,1,0,1,1,0,260,400,8294400,0.1,4
0,1,0,1,0,1,0,261,100,8294400,0.9,8
1,0,0,0,0,1,0,262,400,307200,0.1,8
0,1,1,1,0,1,0,263,50,2073600,0.1,8
0,0,0,0,1,1,0,264,50,307200,0.1,8
1,0,0,0,0,1,0,265,50,307200,0.1,8
0,0,1,1,0,1,0,266,100,8294400,0.9,1
0,0,0,0,1,0,0,267,400,8294400,0.1,1
1,0,1,0,0,1,0,268,400,8294400,0.1,4
1,0,0,0,0,0,0,269,100,8294400,0.1,4
0,1,1,1,0,1,0,270,50,8294400,0.1,8
1,0,0,0,0,1,0,271,100,307200,0.1,8
0,1,1,1,0,1,0,272,100,8294400,0.1,8
0,0,1,1,0,0,0,273,400,8294400,0.9,4
0,0,0,0,1,0,0,274,100,8294400,0.1,4
0,0,1,0,0,1,1,275,400,8294400,0.1,4
1,0,0,0,0,0,0,276,400,2073600,0.1,4
0,0,1,1,0,1,0,277,100,8294400,0.9,2
0,0,0,0,1,0,0,278,400,2073600,0.1,4
0,1,1,1,0,1,0,279,50,2073600,0.9,2
0,0,1,0,1,1,0,280,50,8294400,0.1,4
1,1,1,0,0,1,0,281,100,8294400,0.1,2
1,0,1,0,0,1,0,282,50,8294400,0.1,4
0,0,0,0,1,1,0,283,400,2073600,0.1,8
1,0,0,0,0,0,0,284,50,2073600,0.1,4
0,0,0,0,1,0,0,285,50,2073600,0.1,4
1,0,0,0,0,0,0,286,400,2073600,0.1,1
0,0,1,1,0,0,0,287,50,8294400,0.9,4
1,0,0,0,0,1,0,288,400,2073600,0.1,8
0,1,1,1,0,1,0,289,50,2073600,0.1,2
0,0,0,0,1,0,0,290,400,2073600,0.1,1
0,0,0,0,1,1,0,291,50,2073600,0.1,8
0,1,1,0,1,1,0,292,100,8294400,0.1,2
0,1,1,1,0,0,0,293,100,8294400,0.9,2
1,0,0,0,0,1,0,294,50,2073600,0.1,8
0,0,1,0,0,1,1,295,50,8294400,0.1,4
0,1,0,1,0,1,0,296,100,8294400,0.9,2
0,1,1,1,0,1,0,297,100,2073600,0.9,2
0,1,1,1,0,1,0,298,100,2073600,0.1,2
0,1,1,1,0,0,0,299,100,8294400,0.1,2
0,1,1,1,0,1,0,300,400,307200,0.9,2
1,0,0,0,0,0,0,301,100,2073600,0.1,4
0,0,0,0,1,0,0,302,100,2073600,0.1,4
0,1,1,1,0,1,0,303,400,307200,0.1,2
0,1,1,1,0,1,0,304,200,307200,0.9,2
1,0,0,0,0,0,0,305,400,8294400,0.1,2
1,0,0,0,0,0,0,306,50,8294400,0.1,2
0,0,0,0,1,0,0,307,50,8294400,0.1,2
0,0,1,1,0,0,0,308,400,8294400,0.1,4
0,1,1,1,0,1,0,309,200,307200,0.1,2
0,0,1,1,0,0,0,310,50,8294400,0.1,4
0,0,0,1,0,1,0,311,50,2073600,0.9,4
0,0,0,0,1,1,0,312,100,2073600,0.1,8
0,1,0,1,0,1,0,313,100,8294400,0.1,2
0,0,1,1,0,1,0,314,100,8294400,0.1,2
0,1,1,1,0,1,0,315,400,2073600,0.1,1
0,1,1,1,0,1,0,316,400,2073600,0.9,1
0,0,1,1,0,1,0,317,400,8294400,0.1,2
1,0,0,0,0,1,0,318,100,2073600,0.1,8
0,0,1,1,0,1,0,319,400,307200,0.1,2
0,0,0,1,0,0,0,320,400,307200,0.9,8
0,0,1,1,0,1,0,321,400,307200,0.9,2
0,0,0,1,0,1,0,322,400,2073600,0.1,4
1,0,0,0,0,0,0,323,100,8294400,0.1,2
0,0,0,1,0,0,0,324,400,307200,0.1,8
0,1,1,1,0,1,0,325,50,307200,0.1,4
0,1,1,1,0,1,0,326,100,307200,0.9,4
0,1,1,1,0,1,0,327,50,307200,0.9,4
0,0,0,1,0,0,0,328,50,307200,0.9,8
0,0,1,1,0,1,0,329,100,307200,0.9,2
0,0,0,1,0,0,0,330,50,307200,0.1,8
0,0,0,1,0,0,0,331,100,307200,0.9,8
0,0,0,1,0,1,0,332,50,2073600,0.1,4
0,0,1,1,0,1,0,333,400,8294400,0.9,2
0,0,1,0,1,1,0,334,400,2073600,0.1,4
0,0,0,1,0,0,0,335,100,307200,0.1,8
0,0,0,1,0,0,0,336,400,2073600,0.9,8
0,0,0,1,0,0,0,337,400,2073600,0.1,8
0,0,1,1,0,1,0,338,400,2073600,0.9,2
0,1,1,1,0,1,0,339,100,307200,0.1,1
0,0,0,1,0,0,0,340,50,2073600,0.9,8
0,0,0,0,1,0,0,341,100,8294400,0.1,2
0,1,1,1,0,1,0,342,50,307200,0.1,1
0,0,1,1,0,1,0,343,400,2073600,0.1,2
0,0,1,1,0,1,0,344,400,2073600,0.9,4
0,1,1,1,0,1,0,345,100,307200,0.9,1
0,1,1,1,0,1,0,346,50,307200,0.9,1
0,1,1,1,0,1,0,347,200,2073600,0.1,1
0,0,0,1,0,0,0,348,50,2073600,0.1,8
1,0,1,0,0,1,0,349,400,2073600,0.1,4
1,0,0,0,0,0,0,350,400,2073600,0.1,2
1,0,0,0,0,0,0,351,50,2073600,0.1,8
0,0,1,1,0,0,0,352,400,2073600,0.9,4
0,0,0,0,1,0,0,353,50,2073600,0.1,8
0,1,1,1,0,1,0,354,200,2073600,0.9,1
1,0,0,0,0,0,0,355,50,2073600,0.1,2
0,0,0,0,1,0,0,356,50,2073600,0.1,2
0,0,0,0,0,0,1,357,50,2073600,0.1,2
0,1,0,0,1,0,0,358,50,307200,0.1,8
0,0,1,1,0,1,0,359,400,2073600,0.9,8
0,0,0,0,0,0,1,360,50,2073600,0.1,1
0,0,0,0,0,0,1,361,50,8294400,0.1,1
0,0,1,1,0,1,0,362,400,2073600,0.1,4
0,1,1,1,0,1,0,363,200,2073600,0.1,4
0,1,1,1,0,1,0,364,400,2073600,0.1,2
1,1,0,0,0,0,0,365,50,307200,0.1,8
0,1,1,1,0,1,0,366,400,2073600,0.9,2
0,0,1,1,0,1,0,367,400,2073600,0.1,8
0,0,1,1,0,1,0,368,100,2073600,0.9,4
0,0,1,1,0,1,0,369,100,2073600,0.9,8
0,1,1,1,0,1,0,370,200,2073600,0.1,2
0,0,0,0,0,0,1,371,400,8294400,0.1,1
0,1,0,0,1,0,0,372,50,2073600,0.1,8
0,0,0,0,0,0,1,373,400,2073600,0.1,1
1,1,0,0,0,0,0,374,50,2073600,0.1,8
0,1,1,1,0,1,0,375,200,2073600,0.9,2
0,1,0,0,0,0,1,376,50,307200,0.1,8
0,0,1,1,0,1,0,377,400,307200,0.9,4
0,1,0,0,0,0,1,378,50,2073600,0.1,8
0,0,1,0,0,1,1,379,400,2073600,0.1,4
0,1,1,1,0,1,0,380,100,307200,0.1,2
0,0,0,1,0,0,0,381,50,307200,0.9,1
0,0,1,0,1,1,0,382,50,2073600,0.1,4
0,0,0,1,0,0,0,383,50,307200,0.1,1
1,0,1,0,0,1,0,384,50,2073600,0.1,4
0,0,0,1,0,0,0,385,400,307200,0.9,1
0,1,1,1,0,1,0,386,50,307200,0.1,2
0,1,1,1,0,1,0,387,50,307200,0.9,2
0,0,1,1,0,1,0,388,400,307200,0.9,8
0,1,1,1,0,1,0,389,400,8294400,0.1,4
0,0,0,0,0,0,1,390,50,307200,0.1,4
0,0,1,1,0,1,0,391,400,307200,0.1,4
0,0,0,1,0,0,0,392,400,307200,0.1,1
0,0,0,0,0,0,1,393,50,307200,0.1,2
0,0,0,1,0,0,0,394,100,307200,0.9,1
0,1,1,1,0,1,0,395,400,8294400,0.9,4
0,0,0,1,0,0,0,396,100,307200,0.1,1
0,0,0,1,0,0,0,397,200,307200,0.9,1
0,0,1,1,0,0,0,398,50,2073600,0.9,4
0,0,1,1,0,1,0,399,400,307200,0.1,8
0,1,1,1,0,1,0,400,400,8294400,0.1,1
0,0,1,1,0,1,0,401,100,2073600,0.1,4
0,1,1,1,0,1,0,402,200,8294400,0.1,4
0,0,1,0,0,1,1,403,50,2073600,0.1,4
0,0,0,0,0,0,1,404,400,307200,0.1,2
0,0,1,1,0,0,0,405,400,2073600,0.1,4
0,0,0,0,1,0,0,406,400,2073600,0.1,2
0,1,1,1,0,1,0,407,200,8294400,0.1,1
0,1,1,1,0,1,0,408,400,8294400,0.1,2
0,0,1,1,0,1,0,409,100,2073600,0.1,8
0,1,1,1,0,1,0,410,400,8294400,0.9,2
0,1,1,1,0,1,0,411,200,8294400,0.1,2
0,0,0,1,0,0,0,412,200,307200,0.1,1
0,0,0,0,1,0,0,413,50,8294400,0.1,8
0,0,0,1,0,0,0,414,400,2073600,0.9,1
0,0,1,1,0,0,0,415,50,2073600,0.1,4
1,1,1,0,0,1,0,416,400,307200,0.1,2
0,1,1,0,1,0,0,417,400,307200,0.1,4
0,1,1,0,1,1,0,418,400,307200,0.1,2
1,1,1,0,0,0,0,419,400,307200,0.1,4
0,0,0,1,0,0,0,420,400,2073600,0.1,1
1,0,0,0,0,0,0,421,50,8294400,0.1,8
0,1,1,1,0,1,0,422,200,8294400,0.9,2
0,1,1,0,0,1,1,423,400,2073600,0.1,2
0,1,1,0,0,0,1,424,400,307200,0.1,4
1,1,1,0,0,1,0,425,400,2073600,0.1,2
0,0,0,0,0,0,1,426,400,8294400,0.1,8
0,0,0,1,0,0,0,427,100,2073600,0.9,1
0,1,1,0,1,1,0,428,400,2073600,0.1,2
0,1,1,0,0,1,1,429,400,307200,0.1,2
0,0,0,1,0,0,0,430,100,2073600,0.1,1
0,1,1,0,1,0,0,431,50,307200,0.1,4
0,0,0,0,0,0,1,432,400,2073600,0.1,8
0,0,0,0,1,0,0,433,100,2073600,0.1,8
0,0,0,1,0,0,0,434,50,2073600,0.9,1
1,1,1,0,0,0,0,435,50,307200,0.1,4
0,0,0,1,0,0,0,436,50,2073600,0.1,1
0,1,1,0,0,1,1,437,400,8294400,0.1,2
1,0,0,0,0,0,0,438,100,2073600,0.1,8
0,0,0,1,0,0,0,439,200,2073600,0.9,1
1,1,1,0,0,1,0,440,400,8294400,0.1,2
0,0,0,1,0,0,0,441,200,2073600,0.1,1
0,1,1,0,0,0,1,442,50,307200,0.1,4
0,0,0,1,0,0,0,443,100,2073600,0.1,8
0,0,0,0,1,0,0,444,100,8294400,0.1,8
0,1,1,0,1,1,0,445,400,8294400,0.1,2
0,0,1,0,1,1,0,446,200,307200,0.1,4
0,1,0,1,0,1,0,447,400,307200,0.9,2
0,1,1,1,0,0,0,448,400,307200,0.9,2
0,0,0,1,0,0,0,449,100,2073600,0.9,8
0,0,0,1,0,0,0,450,50,2073600,0.1,4
1,0,1,0,0,1,0,451,200,307200,0.1,4
0,0,1,1,0,0,0,452,200,307200,0.9,4
0,1,0,1,0,1,0,453,400,307200,0.1,2
0,1,1,1,0,0,0,454,400,307200,0.1,2
0,0,0,1,0,0,0,455,50,2073600,0.9,4
1,0,0,0,0,0,0,456,100,8294400,0.1,8
0,1,0,1,0,1,0,457,400,2073600,0.9,2
0,1,1,1,0,0,0,458,400,2073600,0.9,2
0,0,0,0,0,0,1,459,100,2073600,0.1,8
0,1,0,1,0,1,0,460,400,2073600,0.1,2
0,0,0,0,0,0,1,461,100,8294400,0.1,8
0,0,1,0,0,1,1,462,200,307200,0.1,4
0,0,0,0,0,0,1,463,50,2073600,0.1,8
0,1,1,1,0,0,0,464,400,2073600,0.1,2
0,0,1,1,0,0,0,465,200,307200,0.1,4
0,1,0,1,0,1,0,466,400,8294400,0.9,2
0,0,0,0,0,0,1,467,50,8294400,0.1,8
0,1,1,1,0,0,0,468,400,8294400,0.9,2
0,0,0,0,1,0,0,469,400,2073600,0.1,8
0,1,0,1,0,1,0,470,400,8294400,0.1,2
1,0,0,0,0,0,0,471,400,2073600,0.1,8
0,0,0,0,1,0,0,472,400,8294400,0.1,8
0,0,0,1,0,0,0,473,400,2073600,0.9,4
0,1,1,0,1,0,0,474,200,307200,0.1,4
0,1,1,1,0,0,0,475,400,8294400,0.1,2
1,0,0,0,0,0,0,476,400,8294400,0.1,8
0,0,0,0,0,0,1,477,400,2073600,0.1,4
1,1,1,0,0,0,0,478,200,307200,0.1,4
0,0,0,1,0,0,0,479,400,2073600,0.1,4
0,0,0,1,0,0,0,480,100,2073600,0.9,4
0,0,0,1,0,0,0,481,100,2073600,0.1,4
0,0,0,0,0,0,1,482,400,2073600,0.1,2
0,1,1,0,0,0,1,483,200,307200,0.1,4
0,0,1,0,1,1,0,484,100,307200,0.1,4
1,1,1,0,0,1,0,485,100,307200,0.1,2
0,0,0,1,0,0,0,486,50,8294400,0.9,4
1,0,1,0,0,1,0,487,100,307200,0.1,4
0,0,1,1,0,0,0,488,100,307200,0.9,4
0,0,0,0,0,0,1,489,400,8294400,0.1,4
0,1,1,0,1,1,0,490,100,307200,0.1,2
0,0,1,0,0,1,1,491,100,307200,0.1,4
1,1,1,0,0,1,0,492,100,2073600,0.1,2
0,0,0,0,0,0,1,493,400,8294400,0.1,2
0,0,0,0,0,0,1,494,50,8294400,0.1,4
0,0,1,1,0,0,0,495,100,307200,0.1,4
0,1,1,0,1,0,0,496,100,307200,0.1,4
0,0,0,1,0,0,0,497,50,8294400,0.1,4
0,1,1,0,1,1,0,498,100,2073600,0.1,2
1,1,1,0,0,0,0,499,100,307200,0.1,4
0,0,0,0,0,0,1,500,50,8294400,0.1,2
0,1,1,0,0,0,1,501,100,307200,0.1,4
0,1,1,0,0,1,1,502,100,307200,0.1,2
0,0,0,1,0,0,0,503,400,8294400,0.9,4
0,0,0,0,0,0,1,504,50,2073600,0.1,4
0,1,1,0,1,0,0,505,400,8294400,0.1,4
0,0,0,0,0,0,1,506,100,8294400,0.1,4
1,1,1,0,0,0,0,507,400,8294400,0.1,4
0,1,0,1,0,1,0,508,100,307200,0.9,2
0,1,1,0,0,0,1,509,400,8294400,0.1,4
0,1,0,1,0,1,0,510,100,307200,0.1,2
0,0,0,1,0,0,0,511,400,8294400,0.1,4
0,1,1,0,1,0,0,512,50,8294400,0.1,4
1,1,1,0,0,0,0,513,50,8294400,0.1,4
0,0,0,0,0,0,1,514,100,2073600,0.1,4
0,1,0,1,0,1,0,515,100,2073600,0.9,2
0,0,1,1,0,1,0,516,100,307200,0.9,4
0,1,1,0,0,0,1,517,50,8294400,0.1,4
0,1,1,0,1,0,0,518,400,2073600,0.1,4
1,1,1,0,0,0,0,519,400,2073600,0.1,4
0,0,0,0,1,0,0,520,100,2073600,0.1,2
0,1,0,1,0,1,0,521,200,307200,0.9,2
0,0,1,1,0,1,0,522,400,8294400,0.9,4
0,1,1,0,0,0,1,523,400,2073600,0.1,4
0,1,1,0,1,0,0,524,50,2073600,0.1,4
0,0,1,1,0,1,0,525,400,8294400,0.1,4
1,0,0,0,0,0,0,526,100,2073600,0.1,2
0,0,0,0,0,0,1,527,100,8294400,0.1,2
0,0,1,1,0,1,0,528,100,307200,0.1,4
1,1,1,0,0,0,0,529,50,2073600,0.1,4
0,1,1,0,0,0,1,530,50,2073600,0.1,4
0,0,0,1,0,0,0,531,100,8294400,0.9,4
0,0,1,0,1,1,0,532,200,8294400,0.1,4
1,0,1,0,0,1,0,533,200,8294400,0.1,4
0,0,0,0,0,0,1,534,100,2073600,0.1,2
0,0,0,1,0,0,0,535,100,8294400,0.1,4
0,0,1,1,0,0,0,536,200,8294400,0.9,4
0,0,0,0,0,0,1,537,100,307200,0.1,2
0,0,1,0,0,1,1,538,200,8294400,0.1,4
0,0,1,1,0,0,0,539,200,8294400,0.1,4
0,0,1,0,1,1,0,540,200,2073600,0.1,4
1,0,1,0,0,1,0,541,200,2073600,0.1,4
0,0,1,1,0,1,0,542,400,8294400,0.9,8
0,0,0,1,0,0,0,543,200,8294400,0.9,4
0,0,0,1,0,0,0,544,200,8294400,0.1,4
0,0,1,1,0,0,0,545,200,2073600,0.9,4
0,0,1,1,0,1,0,546,100,307200,0.9,8
0,0,0,1,0,0,0,547,400,8294400,0.9,1
0,0,1,0,0,1,1,548,200,2073600,0.1,4
0,0,1,1,0,0,0,549,200,2073600,0.1,4
0,1,1,0,1,0,0,550,200,8294400,0.1,4
0,0,0,0,0,0,1,551,100,307200,0.1,4
0,0,0,1,0,0,0,552,400,8294400,0.1,1
0,0,1,1,0,1,0,553,400,8294400,0.1,8
1,1,1,0,0,0,0,554,200,8294400,0.1,4
0,0,1,1,0,1,0,555,100,307200,0.1,8
0,1,0,1,0,1,0,556,400,8294400,0.9,4
0,0,0,1,0,0,0,557,50,8294400,0.9,1
0,0,0,1,0,0,0,558,50,8294400,0.1,1
0,0,0,1,0,0,0,559,100,8294400,0.9,1
0,0,0,1,0,0,0,560,100,8294400,0.1,1
0,1,0,1,0,1,0,561,100,307200,0.9,4
0,0,0,1,0,0,0,562,200,8294400,0.9,1
0,1,0,1,0,1,0,563,400,8294400,0.1,4
0,1,1,0,0,0,1,564,200,8294400,0.1,4
0,0,0,0,1,0,0,565,200,8294400,0.1,4
0,1,0,1,0,1,0,566,100,307200,0.1,4
1,1,1,0,0,1,0,567,400,8294400,0.1,4
1,0,0,0,0,0,0,568,200,8294400,0.1,4
0,1,1,0,1,0,0,569,200,2073600,0.1,4
1,1,1,0,0,1,0,570,100,307200,0.1,4
0,0,0,0,1,0,0,571,200,2073600,0.1,4
1,0,0,0,0,0,0,572,200,2073600,0.1,4
0,0,0,0,1,0,0,573,200,8294400,0.1,1
0,0,0,1,0,0,0,574,200,8294400,0.1,1
0,0,0,1,0,0,0,575,400,8294400,0.9,8
0,1,1,0,1,1,0,576,100,307200,0.1,4
1,0,0,0,0,0,0,577,200,8294400,0.1,1
1,1,1,0,0,0,0,578,200,2073600,0.1,4
0,0,0,0,1,0,0,579,200,2073600,0.1,1
0,0,0,1,0,0,0,580,400,8294400,0.1,8
1,0,0,0,0,0,0,581,200,2073600,0.1,1
0,0,1,1,0,1,0,582,100,8294400,0.9,4
0,0,1,1,0,1,0,583,100,8294400,0.1,4
0,1,1,0,0,0,1,584,200,2073600,0.1,4
0,0,1,1,0,1,0,585,100,8294400,0.9,8
0,0,1,1,0,1,0,586,100,8294400,0.1,8
0,0,0,0,0,0,1,587,200,8294400,0.1,4
0,0,0,1,0,0,0,588,50,8294400,0.9,8
0,1,0,1,0,1,0,589,400,307200,0.9,4
0,1,0,1,0,1,0,590,400,307200,0.1,4
0,0,0,1,0,0,0,591,50,8294400,0.1,8
0,0,1,0,1,1,0,592,100,8294400,0.1,4
0,0,0,1,0,0,0,593,100,8294400,0.9,8
0,0,0,1,0,0,0,594,100,8294400,0.1,8
0,0,0,1,0,0,0,595,200,8294400,0.9,8
0,0,0,1,0,0,0,596,200,8294400,0.1,8
0,0,0,0,0,0,1,597,200,2073600,0.1,4
0,0,0,0,0,0,1,598,200,8294400,0.1,1
0,0,0,0,0,1,1,599,400,8294400,0.1,1
1,0,1,0,0,1,0,600,100,8294400,0.1,4
0,1,0,0,0,0,1,601,400,8294400,0.1,1
0,0,1,1,0,0,0,602,100,8294400,0.9,4
0,0,1,0,0,1,1,603,100,8294400,0.1,4
0,0,0,0,0,0,1,604,200,2073600,0.1,1
0,0,0,0,0,1,1,605,400,8294400,0.1,4
0,1,0,0,0,0,1,606,400,8294400,0.1,4
0,0,0,0,0,0,1,607,200,8294400,0.1,2
0,1,0,1,0,1,0,608,100,8294400,0.1,4
0,0,1,1,0,0,0,609,100,8294400,0.1,4
0,0,0,0,1,1,0,610,50,8294400,0.1,1
1,0,0,0,0,1,0,611,50,8294400,0.1,1
0,1,1,1,0,0,0,612,400,307200,0.9,4
0,0,0,0,0,0,1,613,200,8294400,0.1,8
0,1,0,0,1,0,0,614,50,8294400,0.1,1
0,0,1,0,1,1,0,615,100,2073600,0.1,4
0,0,0,0,0,0,1,616,200,2073600,0.1,8
0,1,1,1,0,0,0,617,400,8294400,0.9,4
0,1,1,1,0,0,0,618,100,307200,0.9,4
1,0,1,0,0,1,0,619,100,2073600,0.1,4
0,0,1,1,0,0,0,620,100,2073600,0.9,4
0,0,0,0,1,0,0,621,200,8294400,0.1,8
0,0,0,0,1,0,0,622,200,2073600,0.1,8
1,1,0,0,0,0,0,623,50,8294400,0.1,1
1,0,0,0,0,0,0,624,200,8294400,0.1,8
0,0,1,0,0,1,1,625,100,2073600,0.1,4
1,0,0,0,0,0,0,626,200,2073600,0.1,8
0,0,0,0,0,0,1,627,200,307200,0.1,4
0,1,1,1,0,0,0,628,400,307200,0.1,4
0,1,1,1,0,0,0,629,400,8294400,0.1,4
0,0,0,0,1,1,0,630,50,8294400,0.1,4
1,0,0,0,0,1,0,631,50,8294400,0.1,4
0,0,0,0,1,0,0,632,200,307200,0.1,4
0,0,1,1,0,0,0,633,100,2073600,0.1,4
0,1,1,0,1,0,0,634,100,8294400,0.1,4
1,1,1,0,0,0,0,635,100,8294400,0.1,4
0,1,0,0,1,0,0,636,50,8294400,0.1,4
0,1,1,1,0,0,0,637,100,307200,0.1,4
0,1,1,0,0,0,1,638,100,8294400,0.1,4
0,1,1,1,0,0,0,639,100,8294400,0.1,4
1,1,0,0,0,0,0,640,50,8294400,0.1,4
1,0,0,0,0,0,0,641,200,307200,0.1,4
0,0,0,0,1,0,0,642,200,307200,0.1,1
0,1,1,0,1,0,0,643,100,2073600,0.1,4
1,1,1,0,0,0,0,644,100,2073600,0.1,4
0,1,0,1,0,1,0,645,400,2073600,0.9,4
0,1,1,1,0,0,0,646,400,2073600,0.9,4
1,0,0,0,0,0,0,647,200,307200,0.1,1
0,0,0,0,1,0,0,648,200,307200,0.1,8
1,0,0,0,0,0,0,649,200,307200,0.1,8
0,1,1,0,0,0,1,650,100,2073600,0.1,4
0,0,0,0,0,0,1,651,200,307200,0.1,1
0,0,0,0,1,1,0,652,200,8294400,0.1,1
0,1,0,1,0,1,0,653,400,2073600,0.1,4
0,0,0,0,0,0,1,654,200,307200,0.1,8
1,0,0,0,0,1,0,655,200,8294400,0.1,1
0,0,0,0,1,1,0,656,400,8294400,0.1,1
0,1,1,1,0,0,0,657,400,2073600,0.1,4
1,1,1,0,0,1,0,658,100,2073600,0.1,4
0,0,1,0,1,1,0,659,400,8294400,0.1,1
1,0,0,0,0,1,0,660,400,8294400,0.1,1
0,1,1,0,1,1,0,661,100,2073600,0.1,4
1,0,1,0,0,1,0,662,400,8294400,0.1,1
0,1,0,1,0,1,0,663,100,2073600,0.9,4
0,1,0,1,0,1,0,664,100,2073600,0.1,4
0,0,1,1,0,0,0,665,400,8294400,0.9,1
0,0,0,0,1,0,0,666,200,8294400,0.1,2
0,0,1,0,0,1,1,667,400,8294400,0.1,1
0,0,0,0,0,1,1,668,50,8294400,0.1,1
0,1,0,0,1,0,0,669,400,8294400,0.1,1
1,0,0,0,0,0,0,670,200,8294400,0.1,2
1,1,0,0,0,0,0,671,400,8294400,0.1,1
0,0,1,0,1,1,0,672,50,8294400,0.1,1
1,0,1,0,0,1,0,673,50,8294400,0.1,1
0,0,1,1,0,0,0,674,50,8294400,0.9,1
0,0,0,0,1,0,0,675,200,2073600,0.1,2
0,1,0,0,1,0,0,676,200,8294400,0.1,1
0,0,1,0,0,1,1,677,50,8294400,0.1,1
0,0,1,1,0,0,0,678,400,8294400,0.1,1
0,0,1,1,0,0,0,679,50,8294400,0.1,1
0,0,1,0,1,1,0,680,400,2073600,0.1,1
0,1,1,1,0,0,0,681,100,2073600,0.9,4
0,1,1,1,0,0,0,682,100,2073600,0.1,4
0,1,0,1,0,1,0,683,400,307200,0.9,8
1,0,1,0,0,1,0,684,400,2073600,0.1,1
1,0,0,0,0,0,0,685,200,2073600,0.1,2
0,0,1,1,0,0,0,686,400,2073600,0.9,1
0,1,0,1,0,1,0,687,400,307200,0.1,8
0,0,1,0,0,1,1,688,400,2073600,0.1,1
0,1,1,1,0,0,0,689,400,307200,0.9,8
0,0,0,0,0,0,1,690,200,2073600,0.1,2
0,1,1,1,0,0,0,691,400,307200,0.1,8
0,0,0,0,1,0,0,692,200,307200,0.1,2
1,1,0,0,0,0,0,693,200,8294400,0.1,1
0,0,1,0,1,1,0,694,50,2073600,0.1,1
0,0,0,0,1,1,0,695,400,8294400,0.1,4
0,1,0,1,0,1,0,696,400,2073600,0.9,8
1,0,0,0,0,0,0,697,200,307200,0.1,2
0,0,0,0,0,0,1,698,200,307200,0.1,2
0,1,0,1,0,1,0,699,400,2073600,0.1,8
1,0,0,0,0,1,0,700,400,8294400,0.1,4
0,1,1,1,0,0,0,701,400,2073600,0.9,8
1,0,1,0,0,1,0,702,50,2073600,0.1,1
0,0,1,1,0,0,0,703,50,2073600,0.9,1
0,0,0,0,1,1,0,704,200,8294400,0.1,4
0,1,1,1,0,0,0,705,400,2073600,0.1,8
1,0,0,0,0,1,0,706,200,8294400,0.1,4
0,0,1,0,0,1,1,707,50,2073600,0.1,1
0,0,1,1,0,0,0,708,400,2073600,0.1,1
0,0,1,1,0,0,0,709,50,2073600,0.1,1
1,1,1,0,0,1,0,710,400,8294400,0.1,8
0,1,1,0,1,0,0,711,400,8294400,0.1,1
0,1,0,0,1,0,0,712,400,8294400,0.1,4
1,1,1,0,0,0,0,713,400,8294400,0.1,1
1,1,0,0,0,0,0,714,400,8294400,0.1,4
0,1,0,0,1,0,0,715,200,8294400,0.1,4
0,1,1,0,0,0,1,716,400,8294400,0.1,1
0,1,1,0,1,0,0,717,50,8294400,0.1,1
1,1,0,0,0,0,0,718,200,8294400,0.1,4
1,1,1,0,0,0,0,719,50,8294400,0.1,1
0,1,0,1,0,1,0,720,400,8294400,0.9,8
0,0,0,0,1,1,0,721,100,8294400,0.1,1
0,1,1,0,0,0,1,722,50,8294400,0.1,1
1,0,0,0,0,1,0,723,100,8294400,0.1,1
0,1,0,0,1,0,0,724,100,8294400,0.1,1
0,1,1,0,1,0,0,725,400,2073600,0.1,1
1,1,1,0,0,0,0,726,400,2073600,0.1,1
0,1,1,0,0,0,1,727,400,2073600,0.1,1
0,1,0,1,0,1,0,728,400,8294400,0.1,8
0,1,1,0,1,0,0,729,50,2073600,0.1,1
0,1,0,1,0,1,0,730,100,307200,0.9,8
1,1,1,0,0,0,0,731,50,2073600,0.1,1
0,1,0,1,0,1,0,732,100,307200,0.1,8
0,1,0,1,0,1,0,733,100,2073600,0.9,8
0,1,1,0,0,0,1,734,50,2073600,0.1,1
0,1,0,1,0,1,0,735,100,2073600,0.1,8
1,1,0,0,0,0,0,736,100,8294400,0.1,1
0,0,0,0,1,1,0,737,100,8294400,0.1,4
1,0,0,0,0,1,0,738,100,8294400,0.1,4
0,1,0,0,1,0,0,739,100,8294400,0.1,4
1,1,0,0,0,0,0,740,100,8294400,0.1,4
0,0,0,0,1,1,0,741,400,307200,0.1,1
0,0,1,0,1,1,0,742,400,8294400,0.1,2
0,1,0,1,0,1,0,743,100,8294400,0.1,8
0,1,0,1,0,1,0,744,200,307200,0.9,4
0,1,0,1,0,1,0,745,200,307200,0.1,4
0,0,0,0,1,1,0,746,50,307200,0.1,1
0,1,0,1,0,1,0,747,200,307200,0.9,8
0,1,0,1,0,1,0,748,200,307200,0.1,8
1,0,1,0,0,1,0,749,400,8294400,0.1,2
1,0,0,0,0,1,0,750,400,307200,0.1,1
1,0,0,0,0,1,0,751,50,307200,0.1,1
0,0,1,1,0,0,0,752,400,8294400,0.9,2
0,0,1,0,0,1,1,753,400,8294400,0.1,2
0,0,0,0,1,1,0,754,200,307200,0.1,1
0,1,1,1,0,0,0,755,200,307200,0.9,4
0,1,1,1,0,0,0,756,200,307200,0.1,4
1,0,0,0,0,1,0,757,200,307200,0.1,1
0,1,0,0,1,0,0,758,400,307200,0.1,1
0,0,1,1,0,0,0,759,50,8294400,0.9,2
0,1,0,0,1,0,0,760,50,307200,0.1,1
0,0,1,0,1,1,0,761,50,8294400,0.1,2
1,0,1,0,0,1,0,762,50,8294400,0.1,2
0,1,1,1,0,0,0,763,200,307200,0.9,8
1,1,0,0,0,0,0,764,400,307200,0.1,1
0,0,1,0,0,1,1,765,50,8294400,0.1,2
0,0,1,1,0,0,0,766,400,8294400,0.1,2
0,0,1,1,0,0,0,767,50,8294400,0.1,2
1,1,0,0,0,0,0,768,50,307200,0.1,1
0,1,1,1,0,0,0,769,200,307200,0.1,8
0,1,0,0,1,0,0,770,200,307200,0.1,1
0,0,1,0,1,1,0,771,400,2073600,0.1,2
1,0,1,0,0,1,0,772,400,2073600,0.1,2
1,1,0,0,0,0,0,773,200,307200,0.1,1
0,0,1,1,0,0,0,774,400,2073600,0.9,2
0,0,1,0,0,1,1,775,400,2073600,0.1,2
0,1,0,0,0,0,1,776,50,307200,0.1,1
0,0,0,0,0,1,1,777,50,307200,0.1,1
0,0,0,0,1,1,0,778,400,307200,0.1,4
0,0,1,0,1,1,0,779,50,2073600,0.1,2
1,0,1,0,0,1,0,780,50,2073600,0.1,2
0,0,1,1,0,0,0,781,50,2073600,0.9,2
0,0,1,0,0,1,1,782,50,2073600,0.1,2
0,1,1,0,0,1,1,783,200,307200,0.1,4
1,0,0,0,0,1,0,784,400,307200,0.1,4
0,1,1,0,0,1,1,785,200,307200,0.1,8
0,1,1,1,0,0,0,786,200,2073600,0.9,4
0,0,1,1,0,0,0,787,400,2073600,0.1,2
0,0,0,0,1,1,0,788,50,307200,0.1,4
0,1,1,1,0,0,0,789,200,2073600,0.1,4
0,0,1,1,0,0,0,790,50,2073600,0.1,2
1,0,0,0,0,1,0,791,50,307200,0.1,4
0,1,1,1,0,0,0,792,200,2073600,0.9,8
0,1,1,0,0,0,1,793,400,8294400,0.1,2
0,0,0,0,0,1,1,794,400,307200,0.1,4
0,1,1,0,0,0,1,795,50,8294400,0.1,2
0,0,0,0,0,1,1,796,50,307200,0.1,4
0,1,0,0,1,0,0,797,400,307200,0.1,4
0,1,1,1,0,0,0,798,200,2073600,0.1,8
0,1,1,0,0,0,1,799,400,2073600,0.1,2
1,1,0,0,0,0,0,800,400,307200,0.1,4
0,1,0,0,1,0,0,801,50,307200,0.1,4
1,1,0,0,0,0,0,802,50,307200,0.1,4
0,1,0,0,0,0,1,803,400,307200,0.1,4
1,1,1,0,0,1,0,804,200,2073600,0.1,4
0,1,1,0,1,1,0,805,200,2073600,0.1,4
1,1,1,0,0,1,0,806,200,2073600,0.1,8
0,1,1,0,0,0,1,807,50,2073600,0.1,2
0,1,0,0,0,0,1,808,50,307200,0.1,4
0,1,0,0,1,0,0,809,200,307200,0.1,4
1,1,0,0,0,0,0,810,200,307200,0.1,4
0,0,0,0,1,1,0,811,100,307200,0.1,1
0,1,1,0,1,1,0,812,200,2073600,0.1,8
0,0,1,0,0,1,1,813,200,8294400,0.1,1
0,1,1,1,0,0,0,814,200,8294400,0.9,4
1,0,0,0,0,1,0,815,100,307200,0.1,1
0,1,1,1,0,0,0,816,200,8294400,0.1,4
0,0,1,0,0,1,1,817,200,2073600,0.1,1
0,1,1,0,0,0,1,818,200,8294400,0.1,1
0,1,1,0,0,0,1,819,200,2073600,0.1,1
0,1,1,1,0,0,0,820,200,8294400,0.9,8
0,1,1,1,0,0,0,821,200,8294400,0.1,8
1,1,1,0,0,1,0,822,200,8294400,0.1,4
0,1,1,0,1,1,0,823,200,8294400,0.1,4
0,1,0,0,1,0,0,824,100,307200,0.1,1
1,1,1,0,0,1,0,825,200,8294400,0.1,8
1,1,0,0,0,0,0,826,100,307200,0.1,1
0,1,1,0,1,1,0,827,200,8294400,0.1,8
0,1,1,0,0,1,1,828,200,8294400,0.1,4
0,0,1,0,0,1,1,829,200,8294400,0.1,2
1,0,0,0,0,1,0,830,100,307200,0.1,4
1,1,0,0,0,0,0,831,100,307200,0.1,4
0,1,1,0,0,1,1,832,200,8294400,0.1,8
0,1,1,1,0,0,0,833,50,307200,0.9,4
0,0,1,0,0,1,1,834,200,2073600,0.1,2
0,1,1,0,0,0,1,835,200,8294400,0.1,2
0,1,1,0,0,0,1,836,200,2073600,0.1,2
0,0,1,0,0,1,1,837,100,8294400,0.1,1
0,1,1,1,0,0,0,838,50,307200,0.1,4
0,1,1,1,0,0,0,839,50,2073600,0.9,4
0,1,1,1,0,0,0,840,50,2073600,0.1,4
1,1,0,0,0,0,0,841,100,307200,0.1,8
1,1,0,0,0,0,0,842,400,307200,0.1,8
0,1,0,0,1,0,0,843,400,307200,0.1,8
0,0,0,0,0,1,1,844,100,8294400,0.1,1
0,1,0,0,0,0,1,845,100,8294400,0.1,1
0,0,0,0,0,1,1,846,200,8294400,0.1,1
1,1,1,0,0,1,0,847,50,2073600,0.1,4
0,1,1,0,1,1,0,848,50,2073600,0.1,4
0,0,1,0,0,1,1,849,100,2073600,0.1,1
0,1,1,0,0,0,1,850,100,8294400,0.1,1
0,1,1,0,0,1,1,851,400,2073600,0.1,4
1,1,1,0,0,1,0,852,50,8294400,0.1,4
0,1,1,0,0,0,1,853,100,2073600,0.1,1
0,1,0,0,0,0,1,854,200,8294400,0.1,1
0,1,1,0,1,1,0,855,50,8294400,0.1,4
0,1,1,0,0,1,1,856,50,8294400,0.1,4
0,1,1,0,0,1,1,857,100,2073600,0.1,4
0,0,0,0,0,1,1,858,100,8294400,0.1,4
0,0,1,0,0,1,1,859,100,8294400,0.1,2
0,1,1,0,0,1,1,860,100,8294400,0.1,4
0,1,1,0,0,1,1,861,50,307200,0.1,4
0,1,1,1,0,0,0,862,50,8294400,0.9,4
0,0,1,0,0,1,1,863,100,2073600,0.1,2
0,1,1,1,0,0,0,864,50,8294400,0.1,4
1,1,1,0,0,1,0,865,400,2073600,0.1,1
0,1,1,0,1,1,0,866,400,2073600,0.1,1
0,1,0,0,0,0,1,867,100,8294400,0.1,4
0,1,1,0,0,0,1,868,100,8294400,0.1,2
0,0,0,0,0,1,1,869,200,8294400,0.1,4
0,1,0,0,0,0,1,870,200,8294400,0.1,4
0,1,1,1,0,0,0,871,400,2073600,0.9,1
0,0,0,0,0,1,1,872,100,8294400,0.1,8
0,1,0,0,0,0,1,873,100,8294400,0.1,8
0,1,1,0,0,0,1,874,100,2073600,0.1,2
0,0,0,0,1,1,0,875,100,8294400,0.1,8
0,0,1,0,0,1,1,876,400,307200,0.1,2
0,1,1,1,0,0,0,877,400,2073600,0.1,1
0,1,1,1,0,0,0,878,400,307200,0.9,1
0,1,0,0,1,0,0,879,100,8294400,0.1,8
0,0,1,0,0,1,1,880,50,307200,0.1,2
0,0,0,0,0,1,1,881,200,8294400,0.1,8
0,1,0,0,0,0,1,882,200,8294400,0.1,8
0,1,1,1,0,0,0,883,400,307200,0.1,1
0,0,1,0,1,1,0,884,400,307200,0.1,2
0,1,0,1,0,1,0,885,400,307200,0.9,1
0,0,0,0,1,1,0,886,200,8294400,0.1,8
1,0,1,0,0,1,0,887,400,307200,0.1,2
0,1,0,1,0,1,0,888,200,307200,0.9,1
0,1,0,0,1,0,0,889,200,8294400,0.1,8
0,0,1,0,1,1,0,890,50,307200,0.1,2
0,1,1,1,0,0,0,891,200,307200,0.9,1
0,0,0,0,1,1,0,892,400,8294400,0.1,8
1,0,1,0,0,1,0,893,50,307200,0.1,2
0,1,0,0,1,0,0,894,400,8294400,0.1,8
1,0,0,0,0,1,0,895,200,8294400,0.1,8
1,1,0,0,0,0,0,896,200,8294400,0.1,8
1,0,0,0,0,1,0,897,400,8294400,0.1,8
1,1,0,0,0,0,0,898,400,8294400,0.1,8
0,0,0,0,0,1,1,899,400,8294400,0.1,8
0,0,1,1,0,0,0,900,50,307200,0.9,2
0,1,0,0,0,0,1,901,400,8294400,0.1,8
1,0,0,0,0,1,0,902,100,8294400,0.1,8
0,1,0,1,0,1,0,903,400,307200,0.1,1
0,0,1,1,0,0,0,904,50,307200,0.1,2
0,0,1,1,0,0,0,905,400,307200,0.1,2
1,1,0,0,0,0,0,906,100,8294400,0.1,8
0,1,0,1,0,1,0,907,200,307200,0.1,1
0,1,1,1,0,0,0,908,200,307200,0.1,1
1,1,1,0,0,1,0,909,200,307200,0.1,1
0,1,0,0,0,0,1,910,50,8294400,0.1,1
0,0,0,0,0,1,1,911,50,8294400,0.1,4
0,1,0,0,0,0,1,912,50,8294400,0.1,4
0,1,1,0,1,1,0,913,200,307200,0.1,1
0,1,1,0,1,0,0,914,400,307200,0.1,2
1,1,1,0,0,0,0,915,400,307200,0.1,2
0,1,1,0,0,0,1,916,400,307200,0.1,2
0,1,1,0,1,0,0,917,50,307200,0.1,2
1,1,1,0,0,0,0,918,50,307200,0.1,2
0,0,0,0,1,1,0,919,50,8294400,0.1,8
0,1,0,0,1,0,0,920,50,8294400,0.1,8
1,0,0,0,0,1,0,921,50,8294400,0.1,8
1,1,1,0,0,1,0,922,100,307200,0.1,1
0,1,1,0,1,1,0,923,100,307200,0.1,1
0,1,1,0,0,1,1,924,400,307200,0.1,1
0,1,1,0,0,1,1,925,200,307200,0.1,1
1,1,0,0,0,0,0,926,50,8294400,0.1,8
0,0,0,0,0,1,1,927,50,8294400,0.1,8
0,1,1,0,0,0,1,928,50,307200,0.1,2
0,1,0,0,0,0,1,929,50,8294400,0.1,8
0,0,1,0,1,0,0,930,200,8294400,0.1,1
0,0,1,0,1,0,0,931,200,8294400,0.1,4
1,1,1,0,0,1,0,932,200,8294400,0.1,1
0,0,1,0,1,0,0,933,100,8294400,0.1,1
0,1,1,0,1,1,0,934,200,8294400,0.1,1
0,0,1,0,1,0,0,935,100,8294400,0.1,4
0,0,1,1,0,0,0,936,400,307200,0.1,1
0,0,1,1,0,0,0,937,50,307200,0.9,1
0,0,1,1,0,0,0,938,50,307200,0.1,1
0,0,1,0,1,0,0,939,400,8294400,0.1,1
0,1,1,0,0,1,1,940,200,8294400,0.1,1
0,0,1,0,1,0,0,941,400,8294400,0.1,4
0,0,1,0,1,1,0,942,200,307200,0.1,1
1,1,1,0,0,1,0,943,200,2073600,0.1,1
1,0,1,0,0,0,0,944,100,8294400,0.1,1
0,0,0,1,0,1,0,945,100,8294400,0.9,4
0,0,0,1,0,1,0,946,400,307200,0.1,1
1,0,1,0,0,0,0,947,400,8294400,0.1,1
0,1,0,0,1,1,0,948,400,8294400,0.1,4
0,1,1,0,1,1,0,949,200,2073600,0.1,1
0,1,0,0,1,1,0,950,50,8294400,0.1,4
0,1,1,0,0,1,1,951,200,2073600,0.1,1
0,1,0,1,0,1,0,952,200,8294400,0.9,1
1,1,0,0,0,1,0,953,50,8294400,0.1,4
0,0,0,1,0,1,0,954,400,8294400,0.1,1
0,0,0,1,0,1,0,955,50,8294400,0.9,1
1,0,1,0,0,0,0,956,200,8294400,0.1,1
0,1,0,0,0,1,1,957,400,8294400,0.1,4
0,1,0,1,0,1,0,958,200,2073600,0.9,1
0,1,0,0,0,1,1,959,400,8294400,0.1,1
0,1,0,1,0,1,0,960,200,8294400,0.1,1
0,1,0,1,0,1,0,961,200,2073600,0.1,1
0,1,1,1,0,0,0,962,200,8294400,0.9,1
0,0,1,0,1,0,0,963,50,8294400,0.1,1
1,0,1,0,0,0,0,964,50,8294400,0.1,1
1,0,1,0,0,0,0,965,400,8294400,0.1,4
0,1,0,0,0,1,1,966,400,307200,0.1,4
0,1,0,0,0,1,1,967,400,307200,0.1,1
0,1,1,1,0,0,0,968,200,2073600,0.9,1
1,1,0,0,0,1,0,969,400,8294400,0.1,4
0,0,1,0,1,0,0,970,50,8294400,0.1,4
0,1,1,1,0,0,0,971,200,8294400,0.1,1
1,0,1,0,0,0,0,972,50,8294400,0.1,4
0,1,1,1,0,0,0,973,200,2073600,0.1,1
1,1,1,0,0,1,0,974,400,8294400,0.1,1
0,1,1,0,1,1,0,975,400,8294400,0.1,1
1,0,1,0,0,0,0,976,100,8294400,0.1,4
1,0,1,0,0,0,0,977,200,8294400,0.1,4
0,0,1,0,0,0,1,978,200,8294400,0.1,4
0,0,1,0,0,0,1,979,400,8294400,0.1,4
0,1,0,1,0,1,0,980,400,8294400,0.9,1
0,1,0,0,1,1,0,981,400,8294400,0.1,1
0,1,0,1,0,1,0,982,400,2073600,0.9,1
0,0,1,0,0,0,1,983,50,8294400,0.1,4
1,1,0,0,0,1,0,984,400,8294400,0.1,1
0,0,1,0,0,0,1,985,100,8294400,0.1,4
0,1,1,1,0,0,0,986,400,8294400,0.9,1
0,1,0,0,1,1,0,987,400,307200,0.1,4
0,1,0,1,0,1,0,988,400,8294400,0.1,1
0,0,1,0,0,0,1,989,50,8294400,0.1,1
0,0,1,0,0,0,1,990,400,8294400,0.1,1
0,1,0,1,0,1,0,991,400,2073600,0.1,1
0,0,1,0,0,0,1,992,100,8294400,0.1,1
0,1,1,1,0,0,0,993,400,8294400,0.1,1
1,1,1,0,0,1,0,994,100,2073600,0.1,1
1,1,0,0,0,1,0,995,400,307200,0.1,4
0,1,0,0,1,1,0,996,400,307200,0.1,1
1,1,0,0,0,1,0,997,400,307200,0.1,1
0,1,1,0,1,1,0,998,100,2073600,0.1,1
0,1,0,0,1,1,0,999,50,8294400,0.1,1
1,1,0,0,0,1,0,1000,50,8294400,0.1,1
0,1,0,0,1,1,0,1001,50,307200,0.1,4
0,0,1,0,0,0,1,1002,50,8294400,0.1,8
0,0,1,0,0,0,1,1003,400,8294400,0.1,8
1,1,0,0,0,1,0,1004,50,307200,0.1,4
0,1,1,0,0,1,1,1005,100,8294400,0.1,1
0,1,1,0,0,1,1,1006,100,2073600,0.1,1
0,1,0,1,0,1,0,1007,100,2073600,0.9,1
0,1,0,0,1,1,0,1008,50,307200,0.1,1
0,1,1,1,0,0,0,1009,100,2073600,0.9,1
1,1,0,0,0,1,0,1010,50,307200,0.1,1
0,0,1,0,0,0,1,1011,100,8294400,0.1,8
0,1,0,1,0,1,0,1012,100,8294400,0.1,1
0,1,0,1,0,1,0,1013,100,2073600,0.1,1
0,0,1,0,1,0,0,1014,400,8294400,0.1,8
1,0,1,0,0,0,0,1015,400,8294400,0.1,8
0,1,1,1,0,0,0,1016,100,8294400,0.1,1
0,0,1,0,1,0,0,1017,50,8294400,0.1,8
0,1,1,1,0,0,0,1018,100,2073600,0.1,1
1,0,1,0,0,0,0,1019,50,8294400,0.1,8
0,1,0,0,0,1,1,1020,50,8294400,0.1,4
0,0,1,0,1,0,0,1021,100,8294400,0.1,8
1,0,1,0,0,0,0,1022,100,8294400,0.1,8
0,0,1,0,0,0,1,1023,200,8294400,0.1,1
0,0,1,0,1,0,0,1024,200,8294400,0.1,8
0,1,0,0,0,1,1,1025,50,8294400,0.1,1
1,0,1,0,0,0,0,1026,200,8294400,0.1,8
0,0,1,0,0,0,1,1027,200,8294400,0.1,8
0,1,0,1,0,1,0,1028,100,307200,0.9,1
0,1,0,0,0,1,1,1029,50,307200,0.1,4
0,0,1,0,1,0,0,1030,400,307200,0.1,4
0,1,1,1,0,0,0,1031,100,307200,0.9,1
1,0,1,0,0,0,0,1032,400,307200,0.1,4
0,1,0,1,0,1,0,1033,100,307200,0.1,1
0,0,1,0,1,0,0,1034,50,307200,0.1,4
1,0,1,0,0,0,0,1035,50,307200,0.1,4
0,1,0,0,0,1,1,1036,50,307200,0.1,1
0,1,0,0,1,1,0,1037,400,2073600,0.1,4
1,0,1,0,0,0,0,1038,100,307200,0.1,4
0,0,1,0,1,0,0,1039,400,307200,0.1,1
1,0,1,0,0,0,0,1040,400,307200,0.1,1
0,0,1,0,1,0,0,1041,50,307200,0.1,1
0,1,1,1,0,0,0,1042,100,307200,0.1,1
1,0,1,0,0,0,0,1043,50,307200,0.1,1
0,0,1,0,1,0,0,1044,100,307200,0.1,1
1,0,1,0,0,0,0,1045,100,307200,0.1,1
1,1,0,0,0,1,0,1046,400,2073600,0.1,4
0,0,1,1,0,1,0,1047,400,8294400,0.9,1
0,1,0,0,1,1,0,1048,400,2073600,0.1,1
0,0,1,0,0,0,1,1049,400,307200,0.1,4
1,1,0,0,0,1,0,1050,400,2073600,0.1,1
0,0,1,0,0,0,1,1051,50,307200,0.1,4
0,1,0,0,0,1,1,1052,400,2073600,0.1,4
0,0,1,0,0,0,1,1053,400,307200,0.1,1
0,1,0,0,0,1,1,1054,400,2073600,0.1,1
0,1,0,0,1,1,0,1055,50,2073600,0.1,4
1,1,0,0,0,1,0,1056,50,2073600,0.1,4
0,0,1,1,0,1,0,1057,400,8294400,0.1,1
0,0,1,1,0,1,0,1058,400,2073600,0.9,1
0,0,1,1,0,1,0,1059,400,2073600,0.1,1
0,1,0,0,1,1,0,1060,50,2073600,0.1,1
0,0,1,1,0,1,0,1061,100,8294400,0.1,1
1,1,0,0,0,1,0,1062,50,2073600,0.1,1
0,1,0,0,0,1,1,1063,50,2073600,0.1,4
0,0,1,0,0,0,1,1064,50,307200,0.1,1
0,0,1,1,0,1,0,1065,100,2073600,0.9,1
0,0,1,0,1,0,0,1066,200,307200,0.1,4
0,0,1,1,0,1,0,1067,100,2073600,0.1,1
0,1,0,1,0,1,0,1068,50,8294400,0.9,1
1,0,1,0,0,0,0,1069,200,307200,0.1,4
0,0,1,0,1,0,0,1070,200,307200,0.1,1
0,1,0,0,0,1,1,1071,50,2073600,0.1,1
0,1,1,0,0,1,1,1072,50,8294400,0.1,1
0,1,1,1,0,0,0,1073,50,8294400,0.9,1
1,0,1,0,0,0,0,1074,200,307200,0.1,1
0,1,0,1,0,1,0,1075,50,8294400,0.9,8
0,0,1,0,1,0,0,1076,400,307200,0.1,8
0,0,0,1,0,1,0,1077,50,307200,0.9,1
1,0,1,0,0,0,0,1078,400,307200,0.1,8
0,0,1,0,1,0,0,1079,50,307200,0.1,8
0,1,0,1,0,1,0,1080,200,8294400,0.9,8
0,0,0,1,0,1,0,1081,50,8294400,0.1,1
0,0,0,1,0,1,0,1082,50,307200,0.1,1
0,1,0,1,0,1,0,1083,50,2073600,0.9,8
0,1,0,1,0,0,0,1084,400,8294400,0.9,4
0,1,0,1,0,0,0,1085,400,8294400,0.9,1
1,0,1,0,0,0,0,1086,50,307200,0.1,8
0,1,0,1,0,0,0,1087,400,8294400,0.1,4
0,1,0,1,0,0,0,1088,400,8294400,0.1,1
0,1,0,1,0,1,0,1089,200,2073600,0.9,8
0,1,0,1,0,0,0,1090,400,307200,0.1,4
0,1,0,1,0,1,0,1091,50,2073600,0.9,1
0,1,0,1,0,0,0,1092,400,307200,0.1,1
1,0,1,0,0,0,0,1093,100,307200,0.1,8
0,0,1,0,0,0,1,1094,400,307200,0.1,8
0,1,0,1,0,1,0,1095,50,2073600,0.9,4
0,0,1,0,0,0,1,1096,50,307200,0.1,8
0,1,0,1,0,1,0,1097,200,2073600,0.9,4
0,1,0,1,0,1,0,1098,50,8294400,0.9,4
0,1,0,1,0,1,0,1099,200,8294400,0.9,4
0,0,1,0,1,0,0,1100,200,307200,0.1,8
1,0,1,0,0,0,0,1101,200,307200,0.1,8
0,1,0,1,0,0,0,1102,50,8294400,0.9,4
0,1,0,1,0,0,0,1103,50,8294400,0.9,1
0,1,0,1,0,0,0,1104,50,307200,0.9,4
0,1,0,1,0,0,0,1105,50,307200,0.9,1
0,1,0,1,0,0,0,1106,50,8294400,0.1,4
0,0,0,1,0,0,0,1107,400,307200,0.9,4
0,1,0,1,0,1,0,1108,50,8294400,0.1,4
0,0,0,1,0,0,0,1109,400,307200,0.1,4
0,1,0,1,0,1,0,1110,200,8294400,0.1,4
0,1,0,1,0,1,0,1111,50,2073600,0.1,4
0,0,0,1,0,0,0,1112,50,307200,0.9,4
0,0,0,1,0,0,0,1113,50,307200,0.1,4
0,0,0,1,0,0,0,1114,100,307200,0.9,4
0,1,0,1,0,0,0,1115,50,8294400,0.1,1
0,0,0,1,0,0,0,1116,100,307200,0.1,4
0,0,1,0,1,0,0,1117,400,2073600,0.1,4
0,1,0,1,0,0,0,1118,50,307200,0.1,4
0,1,0,1,0,1,0,1119,200,2073600,0.1,4
0,1,0,1,0,1,0,1120,50,8294400,0.1,8
1,0,1,0,0,0,0,1121,400,2073600,0.1,4
0,1,1,1,0,0,0,1122,400,8294400,0.1,8
0,1,1,1,0,0,0,1123,50,8294400,0.1,8
0,0,1,0,0,0,1,1124,50,2073600,0.1,4
0,1,0,1,0,1,0,1125,200,8294400,0.1,8
0,1,0,1,0,0,0,1126,50,307200,0.1,1
0,1,0,1,0,1,0,1127,50,2073600,0.1,8
0,0,1,0,0,0,1,1128,100,2073600,0.1,4
0,0,1,0,1,0,0,1129,400,2073600,0.1,1
0,0,0,1,0,1,0,1130,400,2073600,0.9,1
0,0,0,1,0,1,0,1131,400,2073600,0.1,1
1,0,1,0,0,0,0,1132,400,2073600,0.1,1
0,1,1,1,0,0,0,1133,50,2073600,0.1,8
0,1,0,1,0,1,0,1134,200,2073600,0.1,8
0,0,0,1,0,1,0,1135,50,2073600,0.9,1
0,0,1,0,0,0,1,1136,50,2073600,0.1,1
0,0,1,0,0,0,1,1137,100,2073600,0.1,1
0,0,1,0,0,0,1,1138,200,2073600,0.1,1
0,1,0,1,0,1,0,1139,50,8294400,0.1,1
0,0,1,0,1,0,0,1140,50,2073600,0.1,4
0,1,1,1,0,0,0,1141,50,8294400,0.1,1
0,1,0,1,0,1,0,1142,50,2073600,0.1,1
0,0,1,0,1,0,0,1143,100,2073600,0.1,4
0,1,0,1,0,1,0,1144,50,307200,0.1,4
0,0,0,1,0,1,0,1145,50,2073600,0.1,1
1,0,1,0,0,0,0,1146,50,2073600,0.1,4
0,1,0,1,0,1,0,1147,50,307200,0.1,8
0,1,0,1,0,0,0,1148,400,2073600,0.9,4
1,0,1,0,0,0,0,1149,100,2073600,0.1,4
0,1,0,1,0,0,0,1150,400,2073600,0.9,1
0,1,1,1,0,0,0,1151,50,307200,0.1,8
0,1,0,1,0,0,0,1152,400,2073600,0.1,4
0,1,0,1,0,1,0,1153,50,307200,0.1,1
0,0,1,0,0,0,1,1154,400,2073600,0.1,4
0,1,1,1,0,0,0,1155,50,307200,0.1,1
0,1,0,1,0,1,0,1156,50,307200,0.9,4
0,0,1,0,1,0,0,1157,50,2073600,0.1,1
0,1,0,1,0,1,0,1158,50,307200,0.9,8
0,1,0,1,0,0,0,1159,400,2073600,0.1,1
1,1,1,0,0,1,0,1160,50,8294400,0.1,8
0,0,1,0,1,0,0,1161,100,2073600,0.1,1
0,1,1,0,1,1,0,1162,50,8294400,0.1,8
0,1,0,0,1,1,0,1163,400,8294400,0.1,2
0,1,1,0,0,1,1,1164,50,8294400,0.1,8
1,1,0,0,0,1,0,1165,400,8294400,0.1,2
0,1,1,1,0,0,0,1166,400,8294400,0.9,8
1,0,1,0,0,0,0,1167,50,2073600,0.1,1
0,1,0,0,1,1,0,1168,400,2073600,0.1,2
0,1,1,1,0,0,0,1169,50,8294400,0.9,8
1,1,0,0,0,1,0,1170,400,2073600,0.1,2
1,0,1,0,0,0,0,1171,100,2073600,0.1,1
0,1,1,0,1,0,0,1172,400,8294400,0.1,2
1,1,1,0,0,0,0,1173,400,8294400,0.1,2
0,0,1,0,0,0,1,1174,400,2073600,0.1,1
0,1,1,0,1,0,0,1175,400,2073600,0.1,2
0,1,1,0,0,1,1,1176,50,307200,0.1,8
1,1,1,0,0,1,0,1177,50,307200,0.1,1
1,1,1,0,0,0,0,1178,400,2073600,0.1,2
0,0,1,0,1,0,0,1179,200,2073600,0.1,4
0,1,0,0,1,1,0,1180,50,8294400,0.1,2
1,1,0,0,0,1,0,1181,50,8294400,0.1,2
0,1,1,0,1,0,0,1182,50,8294400,0.1,2
0,1,1,0,1,1,0,1183,50,307200,0.1,1
1,0,1,0,0,0,0,1184,200,2073600,0.1,4
0,0,1,0,1,0,0,1185,200,2073600,0.1,1
1,0,1,0,0,0,0,1186,200,2073600,0.1,1
0,1,1,0,0,1,1,1187,400,2073600,0.1,8
1,1,1,0,0,0,0,1188,50,8294400,0.1,2
0,1,0,0,1,1,0,1189,50,2073600,0.1,2
0,0,0,0,1,1,0,1190,50,2073600,0.1,4
1,1,1,0,0,1,0,1191,50,2073600,0.1,8
0,0,0,0,1,1,0,1192,400,2073600,0.1,4
0,1,1,0,1,1,0,1193,50,2073600,0.1,8
1,1,1,0,0,1,0,1194,50,2073600,0.1,1
0,0,0,0,1,1,0,1195,100,2073600,0.1,4
1,1,0,0,0,1,0,1196,50,2073600,0.1,2
1,0,0,0,0,1,0,1197,50,2073600,0.1,4
1,0,0,0,0,1,0,1198,400,2073600,0.1,4
0,1,1,0,1,1,0,1199,50,2073600,0.1,1
0,1,1,0,0,1,1,1200,50,2073600,0.1,1
0,1,1,0,1,0,0,1201,50,2073600,0.1,2
1,1,1,0,0,0,0,1202,50,2073600,0.1,2
0,1,1,1,0,0,0,1203,50,307200,0.9,8
0,1,1,0,1,0,0,1204,200,8294400,0.1,1
1,0,0,0,0,1,0,1205,100,2073600,0.1,4
0,1,0,1,0,1,0,1206,50,307200,0.9,1
0,1,1,1,0,0,0,1207,50,307200,0.9,1
0,0,0,0,0,1,1,1208,400,2073600,0.1,4
1,1,1,0,0,0,0,1209,200,8294400,0.1,1
0,1,1,0,1,0,0,1210,200,2073600,0.1,1
0,1,1,1,0,0,0,1211,50,2073600,0.9,8
1,1,1,0,0,0,0,1212,200,2073600,0.1,1
0,0,0,0,0,1,1,1213,50,2073600,0.1,4
0,0,0,0,0,1,1,1214,100,2073600,0.1,4
0,1,1,1,0,0,0,1215,50,2073600,0.9,1
0,1,1,0,0,1,1,1216,100,8294400,0.1,8
0,0,0,0,1,1,0,1217,50,2073600,0.1,1
0,0,1,0,1,1,0,1218,200,8294400,0.1,1
1,0,1,0,0,1,0,1219,200,8294400,0.1,1
1,0,0,0,0,1,0,1220,50,2073600,0.1,1
1,1,1,0,0,1,0,1221,100,307200,0.1,8
0,0,0,0,1,1,0,1222,400,2073600,0.1,1
0,1,1,0,1,1,0,1223,100,307200,0.1,8
1,1,1,0,0,1,0,1224,100,2073600,0.1,8
0,1,1,0,1,1,0,1225,100,2073600,0.1,8
1,0,0,0,0,1,0,1226,400,2073600,0.1,1
0,0,1,0,1,1,0,1227,200,2073600,0.1,1
1,0,1,0,0,1,0,1228,200,2073600,0.1,1
0,1,1,0,0,1,1,1229,100,2073600,0.1,8
0,1,1,1,0,0,0,1230,100,307200,0.9,8
0,0,0,0,1,1,0,1231,100,2073600,0.1,1
0,1,0,0,1,1,0,1232,200,8294400,0.1,1
0,1,1,1,0,0,0,1233,100,8294400,0.1,8
1,1,0,0,0,1,0,1234,200,8294400,0.1,1
0,0,0,0,1,1,0,1235,200,2073600,0.1,1
0,1,0,0,1,1,0,1236,200,2073600,0.1,1
0,1,1,1,0,0,0,1237,100,307200,0.1,8
0,1,1,1,0,0,0,1238,100,2073600,0.9,8
1,1,0,0,0,1,0,1239,200,2073600,0.1,1
0,0,1,1,0,1,0,1240,100,307200,0.9,1
0,0,1,1,0,1,0,1241,100,307200,0.1,1
0,0,1,1,0,1,0,1242,50,8294400,0.9,1
0,1,0,0,1,0,0,1243,50,2073600,0.1,4
0,0,1,1,0,1,0,1244,50,2073600,0.9,1
0,1,0,0,1,1,0,1245,200,8294400,0.1,4
0,1,0,0,1,0,0,1246,100,2073600,0.1,4
1,1,0,0,0,1,0,1247,200,8294400,0.1,4
0,1,0,0,1,1,0,1248,200,2073600,0.1,4
0,1,0,0,1,0,0,1249,400,2073600,0.1,4
0,0,1,1,0,1,0,1250,50,8294400,0.9,8
1,1,0,0,0,1,0,1251,200,2073600,0.1,4
0,0,1,1,0,1,0,1252,50,2073600,0.9,8
0,0,1,0,1,1,0,1253,200,8294400,0.1,8
0,0,1,1,0,1,0,1254,50,8294400,0.9,4
1,0,1,0,0,1,0,1255,200,8294400,0.1,8
0,0,1,1,0,1,0,1256,50,2073600,0.9,4
0,0,1,0,1,1,0,1257,200,2073600,0.1,8
0,1,0,0,1,0,0,1258,200,2073600,0.1,4
0,0,1,1,0,1,0,1259,50,8294400,0.1,8
0,0,1,1,0,1,0,1260,50,2073600,0.1,8
0,0,1,1,0,1,0,1261,50,8294400,0.1,4
1,0,1,0,0,1,0,1262,200,2073600,0.1,8
0,0,1,0,1,1,0,1263,200,307200,0.1,8
1,0,1,0,0,1,0,1264,200,307200,0.1,8
0,0,1,1,0,1,0,1265,50,2073600,0.1,4
0,1,0,0,1,0,0,1266,50,2073600,0.1,1
0,1,0,0,1,0,0,1267,100,2073600,0.1,1
0,0,1,1,0,1,0,1268,50,8294400,0.1,1
0,0,0,1,0,1,0,1269,200,2073600,0.1,8
0,0,1,1,0,0,0,1270,200,2073600,0.1,8
0,0,0,1,0,1,0,1271,400,2073600,0.1,8
0,1,0,0,1,0,0,1272,400,2073600,0.1,1
0,1,0,0,1,0,0,1273,200,2073600,0.1,1
0,0,0,1,0,1,0,1274,50,2073600,0.1,8
0,1,0,0,1,0,0,1275,100,2073600,0.1,8
0,0,1,1,0,1,0,1276,50,2073600,0.1,1
0,0,1,1,0,1,0,1277,400,307200,0.9,1
0,1,1,1,0,0,0,1278,100,2073600,0.1,8
0,0,1,1,0,0,0,1279,400,2073600,0.1,8
1,0,0,0,0,1,0,1280,100,2073600,0.1,1
1,1,0,0,0,0,0,1281,50,2073600,0.1,1
0,0,1,1,0,0,0,1282,50,2073600,0.1,8
0,0,1,1,0,1,0,1283,50,307200,0.9,8
0,0,1,1,0,1,0,1284,50,307200,0.9,4
0,0,0,1,0,1,0,1285,400,2073600,0.1,2
1,1,0,0,0,0,0,1286,100,2073600,0.1,1
0,0,0,0,0,1,1,1287,400,2073600,0.1,1
0,0,1,1,0,1,0,1288,50,307200,0.1,8
0,1,0,0,0,0,1,1289,400,2073600,0.1,1
0,0,1,1,0,1,0,1290,50,307200,0.1,4
0,0,0,1,0,1,0,1291,50,2073600,0.1,2
0,0,0,1,0,1,0,1292,200,2073600,0.1,4
0,0,1,1,0,1,0,1293,400,307200,0.1,1
0,0,1,1,0,1,0,1294,200,8294400,0.9,8
0,0,0,0,0,1,1,1295,50,2073600,0.1,1
0,0,0,1,0,1,0,1296,200,2073600,0.1,1
0,0,1,1,0,1,0,1297,200,8294400,0.9,4
0,0,1,1,0,0,0,1298,200,2073600,0.1,1
0,0,0,0,0,1,1,1299,100,2073600,0.1,1
0,0,1,1,0,1,0,1300,200,8294400,0.1,8
0,1,0,0,0,0,1,1301,50,2073600,0.1,1
0,0,0,1,0,1,0,1302,200,2073600,0.1,2
0,0,1,1,0,0,0,1303,200,2073600,0.1,2
0,0,0,1,0,1,0,1304,400,2073600,0.9,2
0,1,0,0,0,0,1,1305,100,2073600,0.1,1
1,1,0,0,0,0,0,1306,400,2073600,0.1,1
0,0,1,1,0,1,0,1307,200,8294400,0.1,4
0,0,0,0,0,1,1,1308,200,2073600,0.1,1
1,1,0,0,0,0,0,1309,50,2073600,0.1,4
0,0,1,1,0,1,0,1310,200,2073600,0.9,8
0,0,0,1,0,1,0,1311,50,2073600,0.9,2
0,0,1,1,0,1,0,1312,200,2073600,0.9,4
1,1,0,0,0,0,0,1313,100,2073600,0.1,4
0,0,1,1,0,1,0,1314,200,2073600,0.1,8
0,0,1,1,0,1,0,1315,200,2073600,0.1,4
0,1,0,0,0,0,1,1316,400,2073600,0.1,4
0,1,0,0,0,0,1,1317,200,2073600,0.1,1
1,1,0,0,0,0,0,1318,400,2073600,0.1,4
0,1,0,0,0,0,1,1319,50,2073600,0.1,4
0,1,0,0,0,0,1,1320,100,2073600,0.1,4
1,1,0,0,0,0,0,1321,200,2073600,0.1,4
0,0,1,1,0,1,0,1322,200,307200,0.9,4
0,0,0,1,0,1,0,1323,200,2073600,0.9,4
1,0,0,0,0,1,0,1324,200,2073600,0.1,1
0,0,1,1,0,1,0,1325,200,307200,0.9,8
0,0,0,1,0,1,0,1326,200,2073600,0.9,1
1,1,0,0,0,0,0,1327,200,2073600,0.1,1
0,0,1,1,0,1,0,1328,200,307200,0.1,4
0,0,1,1,0,1,0,1329,200,307200,0.1,8
0,0,1,0,1,0,0,1330,50,2073600,0.1,8
1,0,1,0,0,0,0,1331,50,2073600,0.1,8
0,0,1,1,0,1,0,1332,50,307200,0.9,1
0,0,1,1,0,1,0,1333,50,307200,0.1,1
0,0,1,1,0,0,0,1334,200,2073600,0.9,1
0,0,1,0,1,0,0,1335,400,2073600,0.1,8
0,0,1,1,0,1,0,1336,200,307200,0.9,1
0,0,0,1,0,1,0,1337,200,2073600,0.9,2
0,0,1,1,0,0,0,1338,200,2073600,0.9,2
0,0,0,1,0,1,0,1339,400,2073600,0.9,8
1,0,1,0,0,0,0,1340,400,2073600,0.1,8
0,0,1,0,1,0,0,1341,100,2073600,0.1,8
0,0,0,1,0,1,0,1342,50,2073600,0.9,8
0,0,1,1,0,0,0,1343,400,2073600,0.9,8
0,0,1,1,0,1,0,1344,200,307200,0.1,1
1,0,1,0,0,0,0,1345,100,2073600,0.1,8
0,0,1,0,0,0,1,1346,400,2073600,0.1,8
0,0,1,1,0,0,0,1347,50,2073600,0.9,8
0,0,1,0,0,0,1,1348,50,2073600,0.1,8
0,0,1,1,0,0,0,1349,200,2073600,0.9,8
0,0,1,0,0,0,1,1350,100,2073600,0.1,8
0,0,1,0,1,1,0,1351,50,2073600,0.1,8
0,0,1,0,1,0,0,1352,200,2073600,0.1,8
1,0,1,0,0,0,0,1353,200,2073600,0.1,8
1,0,1,0,0,1,0,1354,50,2073600,0.1,8
0,0,1,0,1,1,0,1355,50,8294400,0.1,8
1,0,1,0,0,1,0,1356,50,8294400,0.1,8
0,0,1,0,1,1,0,1357,400,8294400,0.1,8
0,1,0,0,1,0,0,1358,400,2073600,0.1,8
0,0,1,1,0,1,0,1359,200,8294400,0.9,1
1,1,0,0,0,0,0,1360,400,2073600,0.1,8
0,0,1,1,0,1,0,1361,200,2073600,0.9,1
0,0,1,1,0,1,0,1362,200,8294400,0.1,1
1,0,1,0,0,1,0,1363,400,8294400,0.1,8
1,1,0,0,0,0,0,1364,100,2073600,0.1,8
0,1,0,0,0,0,1,1365,400,2073600,0.1,8
0,0,1,1,0,1,0,1366,200,2073600,0.1,1
0,1,0,0,0,0,1,1367,100,2073600,0.1,8
0,0,1,0,1,0,0,1368,50,307200,0.1,2
0,0,1,0,1,1,0,1369,400,2073600,0.1,8
1,0,1,0,0,0,0,1370,50,307200,0.1,2
0,0,1,0,1,0,0,1371,100,307200,0.1,2
0,1,0,1,0,1,0,1372,50,8294400,0.9,2
1,0,1,0,0,1,0,1373,400,2073600,0.1,8
1,0,1,0,0,0,0,1374,100,307200,0.1,2
0,0,1,1,0,1,0,1375,50,307200,0.9,2
0,0,1,0,0,1,1,1376,400,8294400,0.1,8
0,0,0,0,1,1,0,1377,50,307200,0.1,2
0,0,1,1,0,1,0,1378,50,2073600,0.9,2
0,0,1,0,0,1,1,1379,400,2073600,0.1,8
1,0,0,0,0,1,0,1380,50,307200,0.1,2
0,0,1,1,0,1,0,1381,100,2073600,0.9,2
0,0,1,0,0,1,1,1382,50,8294400,0.1,8
0,0,0,0,1,1,0,1383,100,307200,0.1,2
1,0,0,0,0,1,0,1384,100,307200,0.1,2
0,0,1,0,0,1,1,1385,50,2073600,0.1,8
0,0,0,0,1,1,0,1386,400,307200,0.1,2
1,0,0,0,0,1,0,1387,400,307200,0.1,2
0,0,1,1,0,0,0,1388,400,8294400,0.9,8
0,0,1,1,0,1,0,1389,100,307200,0.1,2
0,0,1,0,1,0,0,1390,400,307200,0.1,2
1,0,1,0,0,0,0,1391,400,307200,0.1,2
0,0,1,1,0,0,0,1392,50,8294400,0.9,8
0,0,1,1,0,1,0,1393,100,2073600,0.1,2
0,0,1,0,1,0,0,1394,400,2073600,0.1,2
1,0,1,0,0,0,0,1395,400,2073600,0.1,2
0,0,0,1,0,1,0,1396,400,8294400,0.9,8
0,0,0,1,0,1,0,1397,50,8294400,0.9,8
0,0,1,0,1,0,0,1398,50,2073600,0.1,2
0,0,0,1,0,1,0,1399,400,8294400,0.1,8
0,0,0,1,0,1,0,1400,50,8294400,0.1,8
1,0,1,0,0,0,0,1401,50,2073600,0.1,2
0,1,1,1,0,0,0,1402,100,307200,0.9,2
0,1,1,1,0,0,0,1403,100,307200,0.1,2
0,1,1,1,0,0,0,1404,100,2073600,0.9,2
0,1,1,1,0,0,0,1405,100,2073600,0.1,2
0,0,1,0,1,0,0,1406,100,2073600,0.1,2
0,0,1,1,0,0,0,1407,400,8294400,0.1,8
0,0,1,1,0,0,0,1408,50,8294400,0.1,8
0,0,1,1,0,0,0,1409,400,307200,0.9,8
1,0,1,0,0,0,0,1410,100,2073600,0.1,2
0,0,0,0,1,1,0,1411,400,2073600,0.1,2
0,1,1,0,0,1,1,1412,100,2073600,0.1,2
1,0,0,0,0,1,0,1413,400,2073600,0.1,2
0,1,1,0,0,1,1,1414,100,8294400,0.1,2
0,0,0,0,1,1,0,1415,50,2073600,0.1,2
0,0,1,1,0,0,0,1416,400,307200,0.1,8
1,0,0,0,0,1,0,1417,50,2073600,0.1,2
0,0,1,1,0,1,0,1418,50,307200,0.1,2
0,0,1,1,0,0,0,1419,50,307200,0.9,8
0,0,1,1,0,1,0,1420,50,2073600,0.1,2
0,0,1,1,0,1,0,1421,50,8294400,0.9,2
0,0,0,0,1,1,0,1422,100,2073600,0.1,2
0,0,1,1,0,0,0,1423,50,307200,0.1,8
0,0,0,1,0,1,0,1424,400,307200,0.9,8
0,0,0,1,0,1,0,1425,400,307200,0.1,8
1,0,0,0,0,1,0,1426,100,2073600,0.1,2
0,0,0,1,0,1,0,1427,50,307200,0.9,8
0,0,1,0,1,0,0,1428,200,307200,0.1,2
0,0,1,1,0,1,0,1429,50,8294400,0.1,2
0,0,0,1,0,1,0,1430,50,307200,0.1,8
1,1,1,0,0,1,0,1431,50,307200,0.1,2
1,0,1,0,0,0,0,1432,200,307200,0.1,2
0,0,1,0,1,1,0,1433,400,307200,0.1,8
0,0,0,0,1,1,0,1434,200,307200,0.1,2
0,1,1,0,1,1,0,1435,50,307200,0.1,2
1,0,1,0,0,1,0,1436,400,307200,0.1,8
0,0,1,0,0,1,1,1437,400,307200,0.1,8
0,1,1,1,0,0,0,1438,50,307200,0.9,2
0,0,1,0,1,1,0,1439,50,307200,0.1,8
1,0,0,0,0,1,0,1440,200,307200,0.1,2
1,0,1,0,0,1,0,1441,50,307200,0.1,8
0,1,1,1,0,0,0,1442,50,307200,0.1,2
0,0,1,0,1,0,0,1443,200,2073600,0.1,2
1,1,1,0,0,1,0,1444,50,2073600,0.1,2
0,0,1,0,0,1,1,1445,50,307200,0.1,8
0,0,0,1,0,1,0,1446,400,8294400,0.1,2
1,0,1,0,0,0,0,1447,200,2073600,0.1,2
0,0,0,0,1,1,0,1448,200,2073600,0.1,2
0,1,1,0,1,1,0,1449,50,2073600,0.1,2
0,1,1,1,0,0,0,1450,50,2073600,0.9,2
1,0,0,0,0,1,0,1451,200,2073600,0.1,2
0,0,0,1,0,1,0,1452,50,8294400,0.9,2
0,1,0,0,1,0,0,1453,400,307200,0.1,2
1,1,0,0,0,0,0,1454,400,307200,0.1,2
0,1,0,0,1,0,0,1455,50,307200,0.1,2
0,0,0,1,0,1,0,1456,50,8294400,0.1,2
0,0,0,1,0,1,0,1457,50,307200,0.9,2
1,1,0,0,0,0,0,1458,50,307200,0.1,2
0,1,1,1,0,0,0,1459,50,2073600,0.1,2
0,1,1,0,0,1,1,1460,50,307200,0.1,2
0,1,1,0,0,1,1,1461,50,2073600,0.1,2
1,1,1,0,0,1,0,1462,50,8294400,0.1,2
0,1,1,0,1,1,0,1463,50,8294400,0.1,2
0,1,0,0,1,0,0,1464,100,307200,0.1,2
0,1,1,1,0,0,0,1465,50,8294400,0.9,2
1,1,0,0,0,0,0,1466,100,307200,0.1,2
0,1,0,0,1,0,0,1467,400,2073600,0.1,2
0,1,1,1,0,0,0,1468,50,8294400,0.1,2
0,0,0,1,0,1,0,1469,400,307200,0.1,2
0,0,0,1,0,1,0,1470,50,307200,0.1,2
0,1,1,0,0,1,1,1471,50,8294400,0.1,2
1,1,0,0,0,0,0,1472,400,2073600,0.1,2
0,1,0,1,0,0,0,1473,50,2073600,0.9,4
0,1,0,1,0,0,0,1474,50,2073600,0.1,4
0,1,1,0,1,0,0,1475,400,8294400,0.1,8
0,1,0,0,1,0,0,1476,50,2073600,0.1,2
0,1,0,1,0,1,0,1477,100,2073600,0.1,2
1,1,1,0,0,0,0,1478,400,8294400,0.1,8
0,1,0,1,0,0,0,1479,400,8294400,0.9,8
1,1,0,0,0,0,0,1480,50,2073600,0.1,2
0,1,0,0,1,0,0,1481,100,2073600,0.1,2
0,1,0,1,0,1,0,1482,50,307200,0.9,2
0,1,0,1,0,1,0,1483,50,307200,0.1,2
1,1,0,0,0,0,0,1484,100,2073600,0.1,2
0,1,0,0,1,0,0,1485,200,307200,0.1,2
1,1,0,0,0,0,0,1486,200,307200,0.1,2
0,1,0,0,1,0,0,1487,200,2073600,0.1,2
1,1,0,0,0,0,0,1488,200,2073600,0.1,2
0,1,0,1,0,0,0,1489,400,8294400,0.1,8
0,1,1,0,1,0,0,1490,400,2073600,0.1,8
1,1,1,0,0,0,0,1491,400,2073600,0.1,8
0,0,1,0,0,0,1,1492,400,307200,0.1,2
0,1,0,1,0,0,0,1493,400,2073600,0.9,8
0,1,0,1,0,1,0,1494,50,2073600,0.9,2
0,0,1,0,0,0,1,1495,50,307200,0.1,2
0,0,1,0,0,0,1,1496,100,307200,0.1,2
0,1,0,0,0,0,1,1497,400,307200,0.1,2
0,1,0,0,0,0,1,1498,50,307200,0.1,2
0,1,0,1,0,0,0,1499,400,2073600,0.1,8
0,1,0,0,0,0,1,1500,100,307200,0.1,2
0,1,0,1,0,1,0,1501,50,2073600,0.1,2
0,1,0,1,0,1,0,1502,50,8294400,0.1,2
1,1,1,0,0,1,0,1503,200,307200,0.1,2
0,1,1,0,0,0,1,1504,400,8294400,0.1,8
0,1,1,0,1,1,0,1505,200,307200,0.1,2
1,1,1,0,0,1,0,1506,200,2073600,0.1,2
0,1,1,0,0,0,1,1507,400,2073600,0.1,8
0,0,1,0,0,0,1,1508,400,2073600,0.1,2
0,1,1,0,1,1,0,1509,200,2073600,0.1,2
0,1,1,0,1,0,0,1510,50,8294400,0.1,8
1,1,1,0,0,0,0,1511,50,8294400,0.1,8
1,1,1,0,0,1,0,1512,200,8294400,0.1,2
0,1,0,1,0,0,0,1513,50,8294400,0.9,8
0,1,0,1,0,0,0,1514,50,8294400,0.1,8
0,0,1,0,0,0,1,1515,50,2073600,0.1,2
0,0,1,0,0,0,1,1516,100,2073600,0.1,2
0,1,1,0,1,0,0,1517,50,2073600,0.1,8
0,1,1,0,1,1,0,1518,200,8294400,0.1,2
1,1,1,0,0,0,0,1519,50,2073600,0.1,8
0,1,0,1,0,0,0,1520,50,2073600,0.9,8
0,1,0,1,0,0,0,1521,50,2073600,0.1,8
0,1,1,0,0,1,1,1522,200,307200,0.1,2
0,1,0,0,0,0,1,1523,400,2073600,0.1,2
0,1,0,0,0,0,1,1524,50,2073600,0.1,2
0,1,1,0,0,0,1,1525,50,8294400,0.1,8
0,1,1,1,0,0,0,1526,200,307200,0.9,2
0,1,1,0,0,0,1,1527,50,2073600,0.1,8
0,1,0,0,1,1,0,1528,400,8294400,0.1,8
0,1,1,1,0,0,0,1529,200,307200,0.1,2
0,1,0,0,0,0,1,1530,100,2073600,0.1,2
1,1,0,0,0,1,0,1531,400,8294400,0.1,8
0,1,0,0,1,1,0,1532,400,2073600,0.1,8
0,0,0,0,0,1,1,1533,400,307200,0.1,2
1,1,0,0,0,1,0,1534,400,2073600,0.1,8
0,1,1,0,0,1,1,1535,200,2073600,0.1,2
0,0,0,0,0,1,1,1536,50,307200,0.1,2
0,0,0,0,0,1,1,1537,400,2073600,0.1,2
0,0,1,0,0,0,1,1538,200,307200,0.1,2
0,1,0,0,0,1,1,1539,400,8294400,0.1,8
0,1,1,1,0,0,0,1540,200,2073600,0.9,2
0,1,1,1,0,0,0,1541,200,2073600,0.1,2
0,1,0,0,0,0,1,1542,200,307200,0.1,2
0,1,0,0,0,1,1,1543,400,2073600,0.1,8
0,1,1,0,0,1,1,1544,200,8294400,0.1,2
0,0,1,0,0,0,1,1545,200,2073600,0.1,2
0,1,0,0,0,0,1,1546,200,2073600,0.1,2
0,1,0,0,1,1,0,1547,50,8294400,0.1,8
0,1,1,1,0,0,0,1548,200,8294400,0.9,2
1,1,0,0,0,1,0,1549,50,8294400,0.1,8
0,0,0,0,0,1,1,1550,200,307200,0.1,2
0,1,1,1,0,0,0,1551,200,8294400,0.1,2
0,0,1,1,0,1,0,1552,200,307200,0.9,2
0,0,0,0,0,1,1,1553,200,2073600,0.1,2
0,0,0,0,0,1,1,1554,50,2073600,0.1,2
0,1,0,0,1,1,0,1555,50,2073600,0.1,8
1,1,0,0,0,1,0,1556,50,2073600,0.1,8
0,0,0,1,0,0,0,1557,400,307200,0.9,2
0,1,0,0,0,1,1,1558,50,8294400,0.1,8
0,0,1,1,0,1,0,1559,200,307200,0.1,2
0,1,0,0,0,1,1,1560,50,2073600,0.1,8
0,0,0,1,0,0,0,1561,400,307200,0.1,2
0,0,0,1,0,0,0,1562,50,307200,0.9,2
0,1,1,0,1,0,0,1563,400,307200,0.1,8
1,1,1,0,0,0,0,1564,400,307200,0.1,8
0,0,0,1,0,0,0,1565,50,307200,0.1,2
0,0,0,1,0,0,0,1566,400,2073600,0.9,2
0,0,0,1,0,0,0,1567,400,2073600,0.1,2
0,1,0,1,0,0,0,1568,400,307200,0.9,8
0,0,1,1,0,1,0,1569,200,2073600,0.9,2
0,0,0,1,0,0,0,1570,50,2073600,0.9,2
0,0,1,1,0,1,0,1571,200,2073600,0.1,2
0,1,0,1,0,0,0,1572,400,307200,0.1,8
0,0,1,1,0,1,0,1573,200,8294400,0.9,2
0,1,0,1,0,0,0,1574,50,307200,0.1,8
0,1,0,1,0,0,0,1575,50,2073600,0.1,1
0,1,0,1,0,0,0,1576,400,8294400,0.1,2
0,0,1,1,0,1,0,1577,200,8294400,0.1,2
0,0,0,1,0,0,0,1578,50,2073600,0.1,2
0,0,0,1,0,0,0,1579,200,2073600,0.9,2
0,1,0,1,0,1,0,1580,200,307200,0.1,2
0,1,0,1,0,1,0,1581,200,2073600,0.9,2
0,0,0,1,0,0,0,1582,200,2073600,0.1,2
0,0,0,1,0,0,0,1583,100,2073600,0.9,2
0,1,0,1,0,0,0,1584,400,2073600,0.1,2
0,0,0,1,0,0,0,1585,100,2073600,0.1,2
0,1,0,1,0,1,0,1586,200,2073600,0.1,2
0,1,0,1,0,1,0,1587,200,8294400,0.9,2
0,1,0,1,0,0,0,1588,50,8294400,0.1,2
0,0,0,0,0,1,1,1589,100,2073600,0.1,2
0,1,0,1,0,1,0,1590,200,8294400,0.1,2
0,1,0,1,0,0,0,1591,50,2073600,0.1,2
0,1,0,1,0,0,0,1592,400,307200,0.1,2
0,1,0,1,0,0,0,1593,50,307200,0.1,2
0,0,0,1,0,0,0,1594,100,307200,0.9,2
0,1,0,1,0,0,0,1595,50,307200,0.9,2
0,1,0,0,1,1,0,1596,400,307200,0.1,2
0,0,0,1,0,0,0,1597,100,307200,0.1,2
0,0,0,1,0,0,0,1598,50,8294400,0.1,2
1,1,0,0,0,1,0,1599,400,307200,0.1,2
0,0,0,1,0,0,0,1600,50,8294400,0.9,2
0,1,0,0,1,1,0,1601,50,307200,0.1,2
1,1,0,0,0,1,0,1602,50,307200,0.1,2
0,1,0,0,0,1,1,1603,400,307200,0.1,2
0,1,0,0,0,1,1,1604,50,307200,0.1,2
0,1,0,1,0,0,0,1605,400,8294400,0.9,2
0,1,0,1,0,0,0,1606,50,8294400,0.9,2
0,1,0,1,0,0,0,1607,400,2073600,0.9,2
0,0,0,1,0,0,0,1608,100,8294400,0.9,2
0,0,0,1,0,0,0,1609,100,8294400,0.1,2
0,0,0,1,0,0,0,1610,400,8294400,0.9,2
0,1,0,1,0,0,0,1611,50,2073600,0.9,2
0,0,0,1,0,0,0,1612,400,8294400,0.1,2
0,0,1,0,1,0,0,1613,50,8294400,0.1,2
1,0,1,0,0,0,0,1614,50,8294400,0.1,2
0,0,0,0,1,1,0,1615,50,8294400,0.1,2
0,1,0,0,0,1,1,1616,400,8294400,0.1,2
1,0,0,0,0,1,0,1617,50,8294400,0.1,2
0,0,0,0,1,1,0,1618,400,8294400,0.1,2
0,1,0,0,0,1,1,1619,400,2073600,0.1,2
0,1,0,0,0,1,1,1620,50,8294400,0.1,2
1,0,0,0,0,1,0,1621,400,8294400,0.1,2
0,0,1,0,1,0,0,1622,400,8294400,0.1,2
0,1,0,0,0,1,1,1623,50,2073600,0.1,2
0,1,0,1,0,0,0,1624,50,307200,0.9,8
0,1,1,0,1,0,0,1625,50,307200,0.1,8
1,0,1,0,0,0,0,1626,400,8294400,0.1,2
0,0,1,0,1,0,0,1627,100,8294400,0.1,2
1,1,1,0,0,0,0,1628,50,307200,0.1,8
1,0,1,0,0,0,0,1629,100,8294400,0.1,2
0,0,0,0,1,1,0,1630,100,8294400,0.1,2
0,1,1,0,0,0,1,1631,400,307200,0.1,8
1,0,0,0,0,1,0,1632,100,8294400,0.1,2
0,1,0,0,1,0,0,1633,400,8294400,0.1,2
0,1,1,0,0,0,1,1634,50,307200,0.1,8
0,1,0,0,1,1,0,1635,400,307200,0.1,8
1,1,0,0,0,1,0,1636,400,307200,0.1,8
1,1,0,0,0,0,0,1637,400,8294400,0.1,2
0,1,0,0,1,0,0,1638,50,8294400,0.1,2
0,1,0,0,1,1,0,1639,50,307200,0.1,8
1,1,0,0,0,0,0,1640,50,8294400,0.1,2
0,1,0,0,1,0,0,1641,100,8294400,0.1,2
1,1,0,0,0,0,0,1642,100,8294400,0.1,2
0,0,0,0,1,1,0,1643,200,8294400,0.1,2
1,0,0,0,0,1,0,1644,200,8294400,0.1,2
1,1,0,0,0,1,0,1645,50,307200,0.1,8
0,1,0,0,0,1,1,1646,400,307200,0.1,8
0,1,0,0,0,1,1,1647,50,307200,0.1,8
0,1,0,1,0,0,0,1648,50,2073600,0.9,1
0,0,0,0,0,1,1,1649,200,8294400,0.1,2
0,0,0,1,0,0,0,1650,200,8294400,0.9,2
0,0,1,1,0,0,0,1651,200,8294400,0.9,8
0,0,0,1,0,1,0,1652,200,8294400,0.9,4
0,0,0,1,0,1,0,1653,200,8294400,0.9,8
0,0,1,0,0,1,1,1654,200,8294400,0.1,8
0,0,0,1,0,0,0,1655,200,8294400,0.1,2
0,1,0,0,1,0,0,1656,200,8294400,0.1,2
1,1,0,0,0,0,0,1657,200,8294400,0.1,2
0,0,1,1,0,0,0,1658,200,8294400,0.9,1
0,1,0,0,0,0,1,1659,200,8294400,0.1,2
0,0,0,1,0,1,0,1660,200,8294400,0.9,1
0,0,1,1,0,0,0,1661,200,8294400,0.9,2
0,0,1,0,1,1,0,1662,200,8294400,0.1,2
0,0,0,0,0,1,1,1663,400,8294400,0.1,2
0,0,0,0,0,1,1,1664,50,8294400,0.1,2
1,0,1,0,0,1,0,1665,200,8294400,0.1,2
0,0,0,1,0,1,0,1666,200,8294400,0.9,2
0,0,0,0,0,1,1,1667,100,8294400,0.1,2
0,1,0,1,0,0,0,1668,200,8294400,0.9,4
0,1,1,0,1,0,0,1669,200,8294400,0.1,8
1,1,1,0,0,0,0,1670,200,8294400,0.1,8
0,1,0,0,0,0,1,1671,400,8294400,0.1,2
0,1,0,1,0,0,0,1672,200,8294400,0.9,8
0,1,0,0,0,0,1,1673,50,8294400,0.1,2
0,1,0,0,0,0,1,1674,100,8294400,0.1,2
0,0,1,0,0,0,1,1675,400,8294400,0.1,2
0,0,1,0,0,0,1,1676,50,8294400,0.1,2
0,0,1,0,0,0,1,1677,100,8294400,0.1,2
0,1,1,0,0,0,1,1678,200,8294400,0.1,8
0,1,0,0,0,1,1,1679,200,8294400,0.1,4
0,1,0,0,1,1,0,1680,200,8294400,0.1,8
0,0,1,0,1,0,0,1681,200,8294400,0.1,2
1,1,0,0,0,1,0,1682,200,8294400,0.1,8
0,1,0,0,0,1,1,1683,200,8294400,0.1,8
1,0,1,0,0,0,0,1684,200,8294400,0.1,2
0,1,0,1,0,0,0,1685,200,8294400,0.9,1
0,0,1,0,0,0,1,1686,200,8294400,0.1,2
0,0,0,1,0,0,0,1687,200,307200,0.9,2
0,0,0,1,0,0,0,1688,200,307200,0.1,2
0,1,0,0,0,1,1,1689,200,8294400,0.1,1
0,1,1,0,1,0,0,1690,200,8294400,0.1,2
1,1,1,0,0,0,0,1691,200,8294400,0.1,2
0,1,0,1,0,0,0,1692,200,8294400,0.9,2
0,1,0,0,1,1,0,1693,200,8294400,0.1,2
1,1,0,0,0,1,0,1694,200,8294400,0.1,2
0,1,0,0,0,1,1,1695,200,8294400,0.1,2
0,0,1,0,1,1,0,1696,200,2073600,0.1,2
0,0,1,1,0,0,0,1697,100,8294400,0.9,8
0,0,1,1,0,0,0,1698,200,307200,0.9,8
0,0,0,1,0,1,0,1699,200,307200,0.9,1
0,0,0,1,0,1,0,1700,200,307200,0.9,2
0,0,0,1,0,1,0,1701,200,307200,0.9,4
0,0,1,1,0,0,0,1702,200,307200,0.9,1
1,0,1,0,0,1,0,1703,200,307200,0.1,1
0,0,1,0,0,1,1,1704,200,307200,0.1,1
0,0,1,1,0,0,0,1705,200,307200,0.9,2
0,0,1,0,1,1,0,1706,200,307200,0.1,2
1,0,1,0,0,1,0,1707,200,307200,0.1,2
0,0,1,0,0,1,1,1708,200,307200,0.1,2
0,1,0,1,0,0,0,1709,200,307200,0.9,4
0,1,0,1,0,0,0,1710,200,307200,0.9,1
0,1,1,0,0,0,1,1711,200,307200,0.1,1
0,1,0,0,1,1,0,1712,200,307200,0.1,4
1,1,0,0,0,1,0,1713,200,307200,0.1,4
0,1,0,0,0,1,1,1714,200,307200,0.1,4
0,1,0,0,1,1,0,1715,200,307200,0.1,1
1,1,0,0,0,1,0,1716,200,307200,0.1,1
0,1,0,0,0,1,1,1717,200,307200,0.1,1
0,1,1,0,1,0,0,1718,200,307200,0.1,2
1,1,1,0,0,0,0,1719,200,307200,0.1,2
0,1,0,1,0,0,0,1720,200,307200,0.9,2
0,1,1,0,0,0,1,1721,200,307200,0.1,2
0,1,0,0,1,1,0,1722,200,307200,0.1,2
1,1,0,0,0,1,0,1723,200,307200,0.1,2
0,1,0,0,0,1,1,1724,200,307200,0.1,2
1,0,1,0,0,1,0,1725,200,2073600,0.1,2
0,0,1,1,0,0,0,1726,100,2073600,0.9,8
0,0,1,1,0,0,0,1727,100,8294400,0.1,8
0,0,1,1,0,0,0,1728,100,2073600,0.1,8
1,0,1,0,0,1,0,1729,100,8294400,0.1,8
0,0,1,0,1,1,0,1730,100,8294400,0.1,8
0,0,1,0,0,1,1,1731,100,8294400,0.1,8
1,0,1,0,0,1,0,1732,100,2073600,0.1,8
0,0,1,0,1,1,0,1733,100,2073600,0.1,8
0,0,1,0,0,1,1,1734,100,2073600,0.1,8
0,0,0,1,0,1,0,1735,100,8294400,0.9,8
0,0,0,1,0,1,0,1736,100,8294400,0.1,8
0,0,0,1,0,1,0,1737,100,307200,0.9,8
0,0,0,1,0,1,0,1738,100,307200,0.1,8
0,0,1,1,0,0,0,1739,100,307200,0.9,8
0,0,1,1,0,0,0,1740,100,307200,0.1,8
1,0,1,0,0,1,0,1741,100,307200,0.1,8
0,0,1,0,1,1,0,1742,100,307200,0.1,8
0,0,1,0,0,1,1,1743,100,307200,0.1,8
0,1,0,1,0,0,0,1744,100,8294400,0.9,8
0,1,0,1,0,0,0,1745,100,8294400,0.1,8
1,1,0,0,0,1,0,1746,100,8294400,0.1,8
0,1,0,0,1,1,0,1747,100,8294400,0.1,8
0,1,0,0,0,1,1,1748,100,8294400,0.1,8
1,1,1,0,0,0,0,1749,100,8294400,0.1,8
0,1,1,0,1,0,0,1750,100,8294400,0.1,8
0,1,1,0,0,0,1,1751,100,8294400,0.1,8
0,1,0,1,0,0,0,1752,100,307200,0.9,8
0,1,0,1,0,0,0,1753,100,307200,0.1,8
1,1,0,0,0,1,0,1754,100,307200,0.1,8
0,1,0,0,1,1,0,1755,100,307200,0.1,8
0,1,0,0,0,1,1,1756,100,307200,0.1,8
1,1,1,0,0,0,0,1757,100,307200,0.1,8
0,1,1,0,1,0,0,1758,100,307200,0.1,8
0,1,1,0,0,0,1,1759,100,307200,0.1,8
0,0,0,1,0,1,0,1760,100,8294400,0.1,4
0,0,0,1,0,1,0,1761,100,307200,0.9,4
0,0,0,1,0,1,0,1762,100,307200,0.1,4
0,1,0,1,0,0,0,1763,100,8294400,0.9,4
0,1,0,1,0,0,0,1764,100,8294400,0.1,4
1,1,0,0,0,1,0,1765,100,8294400,0.1,4
0,1,0,0,1,1,0,1766,100,8294400,0.1,4
0,1,0,0,0,1,1,1767,100,8294400,0.1,4
0,1,0,1,0,0,0,1768,100,307200,0.9,4
0,1,0,1,0,0,0,1769,100,307200,0.1,4
1,1,0,0,0,1,0,1770,100,307200,0.1,4
0,1,0,0,1,1,0,1771,100,307200,0.1,4
0,1,0,0,0,1,1,1772,100,307200,0.1,4
0,0,0,1,0,1,0,1773,100,8294400,0.9,1
0,0,0,1,0,1,0,1774,100,8294400,0.1,1
0,0,1,1,0,0,0,1775,100,8294400,0.9,1
0,0,1,1,0,0,0,1776,100,8294400,0.1,1
1,0,1,0,0,1,0,1777,100,8294400,0.1,1
0,0,1,0,1,1,0,1778,100,8294400,0.1,1
0,0,0,1,0,1,0,1779,100,307200,0.9,1
0,0,0,1,0,1,0,1780,100,307200,0.1,1
0,0,1,1,0,0,0,1781,100,307200,0.9,1
0,0,1,1,0,0,0,1782,100,307200,0.1,1
0,1,0,1,0,0,0,1783,100,8294400,0.9,1
0,1,0,1,0,0,0,1784,100,8294400,0.1,1
1,1,0,0,0,1,0,1785,100,8294400,0.1,1
0,1,0,0,1,1,0,1786,100,8294400,0.1,1
0,1,0,0,0,1,1,1787,100,8294400,0.1,1
1,1,1,0,0,0,0,1788,100,8294400,0.1,1
0,1,1,0,1,0,0,1789,100,8294400,0.1,1
0,1,0,1,0,0,0,1790,100,307200,0.9,1
0,1,0,1,0,0,0,1791,100,307200,0.1,1
1,1,0,0,0,1,0,1792,100,307200,0.1,1
0,1,0,0,1,1,0,1793,100,307200,0.1,1
0,1,0,0,0,1,1,1794,100,307200,0.1,1
0,0,0,1,0,1,0,1795,100,2073600,0.9,4
0,1,0,1,0,0,0,1796,100,2073600,0.9,4
1,1,0,0,0,1,0,1797,100,2073600,0.1,4
0,1,0,0,1,1,0,1798,100,2073600,0.1,4
0,1,0,0,0,1,1,1799,100,2073600,0.1,4
0,1,0,1,0,0,0,1800,200,2073600,0.9,4
0,1,0,0,0,1,1,1801,200,2073600,0.1,4
0,1,0,1,0,0,0,1802,200,2073600,0.9,1
0,1,0,0,0,1,1,1803,200,2073600,0.1,1
0,0,1,1,0,0,0,1804,100,2073600,0.9,1
1,0,1,0,0,1,0,1805,100,2073600,0.1,1
0,0,1,0,1,1,0,1806,100,2073600,0.1,1
0,0,0,1,0,1,0,1807,100,2073600,0.9,1
1,1,1,0,0,0,0,1808,100,2073600,0.1,1
0,1,1,0,1,0,0,1809,100,2073600,0.1,1
0,1,0,1,0,0,0,1810,100,2073600,0.9,1
1,1,0,0,0,1,0,1811,100,2073600,0.1,1
0,1,0,0,1,1,0,1812,100,2073600,0.1,1
0,1,0,0,0,1,1,1813,100,2073600,0.1,1
0,0,0,1,0,1,0,1814,100,2073600,0.1,4
0,1,0,1,0,0,0,1815,100,2073600,0.1,4
0,0,1,1,0,0,0,1816,100,2073600,0.1,1
0,0,0,1,0,1,0,1817,100,2073600,0.1,1
0,1,0,1,0,0,0,1818,100,2073600,0.1,1
0,0,0,1,0,1,0,1819,200,8294400,0.1,4
0,0,0,1,0,1,0,1820,200,307200,0.1,4
0,1,0,1,0,0,0,1821,200,8294400,0.1,4
0,1,0,1,0,0,0,1822,200,2073600,0.1,4
0,1,0,1,0,0,0,1823,200,307200,0.1,4
0,0,1,1,0,0,0,1824,200,307200,0.1,1
0,0,0,1,0,1,0,1825,200,307200,0.1,1
0,1,0,1,0,0,0,1826,200,307200,0.1,1
0,0,1,1,0,0,0,1827,200,307200,0.1,8
0,0,1,1,0,0,0,1828,200,8294400,0.1,8
0,0,0,1,0,1,0,1829,200,307200,0.1,8
0,0,0,1,0,1,0,1830,200,8294400,0.1,8
0,1,0,1,0,0,0,1831,200,307200,0.1,8
0,1,0,1,0,0,0,1832,200,8294400,0.1,8
0,0,1,1,0,0,0,1833,200,8294400,0.1,1
0,0,0,1,0,1,0,1834,200,8294400,0.1,1
0,1,0,1,0,0,0,1835,200,8294400,0.1,1
0,0,0,1,0,1,0,1836,200,307200,0.9,8
0,0,1,0,0,1,1,1837,200,307200,0.1,8
0,1,0,1,0,0,0,1838,200,307200,0.9,8
1,1,1,0,0,0,0,1839,200,307200,0.1,8
0,1,1,0,1,0,0,1840,200,307200,0.1,8
0,1,1,0,0,0,1,1841,200,307200,0.1,8
1,1,0,0,0,1,0,1842,200,307200,0.1,8
0,1,0,0,1,1,0,1843,200,307200,0.1,8
0,1,0,0,0,1,1,1844,200,307200,0.1,8
0,0,1,1,0,0,0,1845,200,307200,0.1,2
0,0,1,1,0,0,0,1846,200,8294400,0.1,2
0,0,0,1,0,1,0,1847,200,307200,0.1,2
0,0,0,1,0,1,0,1848,200,8294400,0.1,2
0,1,0,1,0,0,0,1849,200,307200,0.1,2
0,1,0,1,0,0,0,1850,200,8294400,0.1,2
0,0,0,1,0,1,0,1851,200,2073600,0.9,8
0,0,1,0,0,1,1,1852,200,2073600,0.1,8
0,1,0,1,0,0,0,1853,200,2073600,0.9,8
1,1,1,0,0,0,0,1854,200,2073600,0.1,8
0,1,1,0,1,0,0,1855,200,2073600,0.1,8
0,1,1,0,0,0,1,1856,200,2073600,0.1,8
1,1,0,0,0,1,0,1857,200,2073600,0.1,8
0,1,0,0,1,1,0,1858,200,2073600,0.1,8
0,1,0,0,0,1,1,1859,200,2073600,0.1,8
0,1,0,1,0,0,0,1860,200,2073600,0.9,2
1,1,1,0,0,0,0,1861,200,2073600,0.1,2
0,1,1,0,1,0,0,1862,200,2073600,0.1,2
1,1,0,0,0,1,0,1863,200,2073600,0.1,2
0,1,0,0,1,1,0,1864,200,2073600,0.1,2
0,1,0,0,0,1,1,1865,200,2073600,0.1,2
0,1,0,1,0,0,0,1866,200,2073600,0.1,8
0,1,0,1,0,0,0,1867,200,2073600,0.1,1
0,1,0,1,0,0,0,1868,200,2073600,0.1,2
0,0,0,1,0,1,0,1869,100,2073600,0.9,8
0,0,1,1,0,0,0,1870,100,2073600,0.9,2
0,0,0,1,0,1,0,1871,100,2073600,0.9,2
1,0,1,0,0,1,0,1872,100,2073600,0.1,2
0,0,1,0,1,1,0,1873,100,2073600,0.1,2
0,0,0,1,0,1,0,1874,100,2073600,0.1,8
0,0,1,1,0,0,0,1875,100,2073600,0.1,2
0,0,0,1,0,1,0,1876,100,2073600,0.1,2
0,0,1,1,0,0,0,1877,100,307200,0.9,2
0,0,0,1,0,1,0,1878,100,307200,0.9,2
1,0,1,0,0,1,0,1879,100,307200,0.1,2
0,0,1,0,1,1,0,1880,100,307200,0.1,2
0,0,1,0,0,1,1,1881,100,307200,0.1,2
0,0,1,1,0,0,0,1882,100,307200,0.1,2
0,0,0,1,0,1,0,1883,100,307200,0.1,2
0,0,1,1,0,0,0,1884,100,8294400,0.9,2
0,0,0,1,0,1,0,1885,100,8294400,0.9,2
1,0,1,0,0,1,0,1886,100,8294400,0.1,2
0,0,1,0,1,1,0,1887,100,8294400,0.1,2
0,0,1,1,0,0,0,1888,100,8294400,0.1,2
0,0,0,1,0,1,0,1889,100,8294400,0.1,2
0,1,0,1,0,0,0,1890,100,2073600,0.9,8
1,1,1,0,0,0,0,1891,100,2073600,0.1,8
0,1,1,0,1,0,0,1892,100,2073600,0.1,8
0,1,1,0,0,0,1,1893,100,2073600,0.1,8
1,1,0,0,0,1,0,1894,100,2073600,0.1,8
0,1,0,0,1,1,0,1895,100,2073600,0.1,8
0,1,0,0,0,1,1,1896,100,2073600,0.1,8
0,1,0,1,0,0,0,1897,100,2073600,0.9,2
1,1,1,0,0,0,0,1898,100,2073600,0.1,2
0,1,1,0,1,0,0,1899,100,2073600,0.1,2
1,1,0,0,0,1,0,1900,100,2073600,0.1,2
0,1,0,0,1,1,0,1901,100,2073600,0.1,2
0,1,0,0,0,1,1,1902,100,2073600,0.1,2
0,1,0,1,0,0,0,1903,100,8294400,0.9,2
1,1,1,0,0,0,0,1904,100,8294400,0.1,2
0,1,1,0,1,0,0,1905,100,8294400,0.1,2
1,1,0,0,0,1,0,1906,100,8294400,0.1,2
0,1,0,0,1,1,0,1907,100,8294400,0.1,2
0,1,0,0,0,1,1,1908,100,8294400,0.1,2
0,1,0,1,0,0,0,1909,100,2073600,0.1,8
0,1,0,1,0,0,0,1910,100,8294400,0.1,2
0,1,0,1,0,0,0,1911,100,2073600,0.1,2
0,1,0,1,0,0,0,1912,100,307200,0.9,2
0,1,0,1,0,0,0,1913,100,307200,0.1,2
1,1,1,0,0,0,0,1914,100,307200,0.1,2
0,1,1,0,1,0,0,1915,100,307200,0.1,2
0,1,1,0,0,0,1,1916,100,307200,0.1,2
1,1,0,0,0,1,0,1917,100,307200,0.1,2
0,1,0,0,1,1,0,1918,100,307200,0.1,2
0,1,0,0,0,1,1,1919,100,307200,0.1,2
