OPTIMIZE_IN_SELECT,OPTIMIZE_INSERT_FROM_SELECT,OPTIMIZE_TWO_EQUALS,OPTIMIZE_IN_LIST,OPTIMIZE_EVALUATABLE_SUBQUERIES,PAGE_STORE_TRIM,RECOMPILE_ALWAYS,COMPRESS,IGNORE_CATALOGS,OPTIMIZE_OR,PAGE_STORE_INTERNAL_COUNT,REUSE_SPACE,DROP_RESTRICT,DEFRAG_ALWAYS,OPTIMIZE_DISTINCT,MVSTORE,config_id
1,1,1,1,1,0,1,1,1,1,0,1,1,1,1,1,19
1,1,1,1,1,1,1,1,1,1,1,1,0,1,1,0,20
1,1,1,1,1,1,1,1,1,1,1,0,1,1,1,0,21
1,1,1,1,1,1,1,1,1,1,0,1,1,1,1,0,22
1,1,1,1,1,1,1,1,1,0,1,1,1,1,1,0,23
1,1,1,1,1,1,1,1,0,1,1,1,1,1,1,0,24
1,1,1,1,1,1,1,0,1,1,1,1,1,1,1,0,25
1,1,1,1,1,1,0,1,1,1,1,1,1,1,1,0,26
1,1,1,1,1,1,1,1,1,1,1,1,1,1,1,0,27
1,1,1,1,1,0,1,1,1,1,1,1,1,1,1,0,28
1,1,1,1,0,1,1,1,1,1,1,1,1,1,1,0,29
1,1,1,0,1,1,1,1,1,1,1,1,1,1,1,0,30
1,0,1,1,1,1,1,1,1,1,1,1,1,1,1,0,32
0,1,1,1,1,1,1,1,1,1,1,1,1,1,1,0,33
0,0,0,0,0,0,0,0,0,0,0,0,0,1,1,0,34
1,0,0,0,0,0,0,0,0,0,0,0,0,0,1,0,35
0,0,0,0,0,0,0,0,0,0,0,0,1,0,1,0,36
0,0,0,0,0,0,0,0,0,0,0,1,0,0,1,1,37
0,0,0,0,0,0,0,0,0,0,1,0,0,0,1,0,38
0,0,0,0,0,0,0,0,0,1,0,0,0,0,1,1,39
0,0,0,0,0,0,0,0,1,0,0,0,0,0,1,1,40
0,0,0,0,0,0,0,1,0,0,0,0,0,0,1,1,41
0,0,0,0,0,0,1,0,0,0,0,0,0,0,1,1,42
0,0,0,0,0,0,0,0,0,0,0,0,0,0,1,1,43
0,0,0,0,0,1,0,0,0,0,0,0,0,0,1,0,44
0,0,0,0,1,0,0,0,0,0,0,0,0,0,1,0,45
0,0,0,1,0,0,0,0,0,0,0,0,0,0,1,0,46
0,0,1,0,0,0,0,0,0,0,0,0,0,0,1,1,47
0,1,0,0,0,0,0,0,0,0,0,0,0,0,1,0,48
1,0,0,0,0,0,0,0,0,0,0,0,0,0,1,1,49
0,0,0,0,1,0,0,0,0,0,0,0,0,1,0,0,50
0,0,0,0,0,0,0,0,0,0,0,0,1,1,0,0,51
0,0,0,0,0,0,0,0,0,0,0,1,0,1,0,0,52
0,0,0,0,0,0,0,0,0,0,1,0,0,1,0,0,53
0,0,0,0,0,0,0,0,0,1,0,0,0,1,0,1,54
0,0,0,0,0,0,0,0,1,0,0,0,0,1,0,0,55
0,0,0,0,0,0,1,0,0,0,0,0,0,1,0,0,57
0,0,0,0,0,0,0,0,0,0,0,0,0,1,0,1,58
0,0,0,0,0,1,0,0,0,0,0,0,0,1,0,0,59
0,0,0,0,1,0,0,0,0,0,0,0,0,1,0,1,60
0,0,0,1,0,0,0,0,0,0,0,0,0,1,0,0,61
0,0,1,0,0,0,0,0,0,0,0,0,0,1,0,0,62
0,1,0,0,0,0,0,0,0,0,0,0,0,1,0,0,63
1,0,0,0,0,0,0,0,0,0,0,0,0,1,0,0,64
0,0,0,0,0,1,0,0,0,0,0,0,1,0,0,0,65
0,0,0,0,0,0,0,0,0,0,0,1,0,0,0,0,66
0,0,0,0,0,1,0,0,1,0,0,0,0,0,0,0,69
0,0,0,0,0,0,0,1,0,0,0,0,0,0,0,0,70
0,0,0,0,0,0,1,1,0,0,0,0,0,0,0,0,71
0,0,0,0,0,1,0,1,0,0,0,0,0,0,0,0,72
0,0,0,0,1,0,0,0,0,0,0,1,0,0,0,0,73
0,0,0,1,0,0,0,0,0,1,0,0,0,0,0,0,74
0,0,1,0,0,0,0,0,0,0,0,0,0,0,0,0,75
0,1,0,0,0,0,0,0,0,0,0,0,0,0,0,0,76
0,0,0,0,0,0,0,0,0,0,0,1,1,0,0,1,78
0,0,0,0,0,0,0,0,0,1,0,0,1,0,0,1,80
0,0,0,0,0,0,0,0,1,0,0,0,1,0,0,0,81
0,0,0,0,0,0,0,1,0,0,0,0,1,0,0,0,82
0,0,0,0,0,0,1,0,0,0,0,0,1,0,0,0,83
0,0,0,0,0,0,0,0,0,0,0,0,1,0,0,1,84
0,0,0,1,0,1,0,0,0,0,0,0,1,0,0,0,85
0,0,0,0,1,0,0,0,0,0,0,0,1,0,0,1,86
0,0,0,1,0,0,0,0,0,0,0,0,1,0,0,0,87
0,0,1,0,0,0,0,0,0,0,0,0,1,0,0,0,88
0,1,0,0,0,0,0,0,0,0,0,0,1,0,0,0,89
1,0,0,0,0,0,0,0,0,0,0,0,1,0,0,1,90
0,0,0,0,0,0,0,0,0,0,1,1,0,0,0,0,91
0,0,0,0,0,0,0,0,0,1,0,1,0,0,0,1,92
0,0,0,0,0,0,0,0,1,0,0,1,0,0,0,1,93
0,0,0,0,0,0,0,1,0,0,0,1,0,0,0,0,94
0,0,0,0,0,0,1,0,0,0,0,1,0,0,0,0,95
0,0,0,0,0,0,0,1,0,0,0,1,0,0,0,1,96
0,0,0,0,0,1,0,0,0,0,0,1,0,0,0,0,97
0,0,0,0,1,0,0,0,0,0,0,1,0,0,0,1,98
0,0,0,1,0,0,0,0,0,0,0,1,0,0,0,0,99
0,0,1,0,0,0,0,0,0,0,0,1,0,0,0,0,100
0,1,0,0,0,0,0,0,0,0,0,1,0,0,0,1,101
1,0,0,0,0,0,0,0,0,0,0,1,0,0,0,0,102
0,0,0,0,0,0,0,0,0,1,1,0,0,0,0,0,103
0,0,0,0,0,0,0,0,1,0,1,0,0,0,0,0,104
0,0,0,0,0,0,0,1,0,0,1,0,0,0,0,0,105
0,0,0,0,0,0,1,0,0,0,1,0,0,0,1,0,106
0,0,0,0,0,1,0,0,0,0,1,0,0,0,0,0,107
0,0,0,0,1,0,0,0,0,0,1,0,0,0,0,0,108
0,0,0,1,0,0,0,0,0,0,1,0,0,0,0,0,109
0,1,0,0,0,0,0,0,0,0,1,0,0,0,0,0,111
1,0,0,0,0,0,0,0,0,0,1,0,0,0,0,0,112
0,0,0,0,0,0,0,0,1,1,0,0,0,0,0,1,113
0,0,0,0,0,0,0,1,0,1,0,0,0,0,0,1,114
0,0,0,0,0,0,1,0,0,1,0,0,0,0,0,1,115
0,0,0,0,0,0,0,0,0,1,0,0,0,0,0,1,116
0,0,0,0,0,1,0,0,0,1,0,0,0,0,0,0,117
0,0,0,0,1,0,0,0,0,1,0,0,0,0,0,1,118
0,0,0,1,0,0,0,0,0,1,0,0,0,0,0,1,119
0,0,1,0,0,0,0,0,0,1,0,0,0,0,0,0,120
0,1,0,0,0,0,0,0,0,1,0,0,0,0,0,0,121
1,0,0,0,0,0,0,0,0,1,0,0,0,0,0,0,122
0,0,0,0,0,0,0,1,1,0,0,0,0,0,0,1,123
0,0,0,0,0,0,1,0,1,0,0,0,0,0,0,1,124
0,0,0,0,0,0,0,0,1,0,0,0,0,0,0,1,125
0,0,0,0,0,1,0,0,1,0,0,0,0,1,0,0,126
0,0,0,0,1,0,0,0,1,0,0,0,0,0,0,0,127
0,0,0,1,0,0,0,0,1,0,0,0,0,0,0,0,128
0,0,1,0,0,0,0,0,1,0,0,0,0,0,0,1,129
0,1,0,0,0,0,0,0,1,0,0,0,0,0,0,0,130
1,0,0,0,0,0,0,0,1,0,0,0,0,0,0,1,131
0,0,0,0,0,0,1,1,0,0,0,0,0,0,0,1,132
0,0,0,0,0,0,0,1,0,0,0,0,1,0,0,1,133
0,0,1,0,0,1,0,1,0,0,0,0,0,0,0,0,134
0,0,0,0,1,0,0,1,0,0,0,0,0,0,0,0,135
0,0,0,1,0,0,0,1,0,0,0,0,0,0,0,1,136
0,0,1,0,0,0,0,1,0,0,0,0,0,0,0,0,137
0,1,0,0,0,0,0,1,0,0,0,0,0,0,0,0,138
1,0,0,0,0,0,0,1,0,0,0,0,0,0,0,0,139
0,0,0,0,0,0,1,0,0,0,0,0,0,0,0,1,140
0,0,0,0,0,1,1,0,0,0,0,0,0,0,0,0,141
0,0,0,0,1,0,1,0,0,0,0,0,0,0,0,0,142
0,0,0,1,0,0,1,0,0,0,0,0,0,0,0,0,143
0,0,1,0,0,0,1,0,0,0,0,0,0,0,0,0,144
0,1,0,0,0,0,1,0,0,0,0,0,0,0,0,1,145
0,0,0,0,1,0,0,0,0,0,0,0,0,0,0,1,147
0,0,0,1,0,0,0,0,0,0,0,0,0,0,0,1,148
0,0,1,0,0,0,0,0,0,0,0,0,1,0,0,1,149
0,1,0,0,0,0,0,0,0,0,0,0,0,0,1,1,150
1,0,0,0,0,0,0,0,0,0,0,0,0,1,0,1,151
0,0,0,0,1,1,0,0,0,0,0,0,0,0,0,0,152
0,0,0,1,0,1,0,0,0,0,0,0,0,0,0,0,153
0,0,1,0,0,1,0,0,0,0,0,0,0,0,0,0,154
0,1,0,0,0,1,0,0,0,0,0,0,0,0,0,0,155
1,0,0,0,0,1,0,0,0,0,0,0,0,0,0,0,156
0,0,0,1,1,0,0,0,0,0,0,0,0,0,0,0,157
0,0,1,0,1,0,0,0,0,0,0,0,0,0,0,1,158
0,1,0,0,1,0,0,0,0,0,0,0,0,0,0,0,159
1,0,0,0,1,0,0,0,0,0,0,0,0,0,0,0,160
0,0,1,1,0,0,0,0,0,0,0,0,0,0,0,0,161
0,1,0,1,0,0,0,0,0,0,0,0,0,0,0,1,162
1,0,0,1,0,0,0,0,0,0,0,0,0,0,0,0,163
0,1,1,0,0,0,0,0,0,0,0,0,0,0,0,1,164
1,0,1,0,0,0,0,0,0,0,0,0,0,0,0,1,165
1,1,0,0,0,0,0,0,0,0,0,0,0,0,0,1,166
1,1,1,1,1,1,1,1,1,1,1,1,1,0,0,0,167
1,1,1,1,1,0,1,1,1,1,0,1,1,1,0,1,168
1,1,1,1,1,1,1,1,1,1,1,1,0,1,0,0,169
1,1,1,1,1,1,1,1,1,1,1,0,1,1,0,0,170
1,1,1,1,1,1,1,1,1,1,0,1,1,1,0,0,171
1,1,1,1,1,1,1,1,1,0,1,1,1,1,0,0,172
1,1,1,1,1,1,1,1,0,1,1,1,1,1,0,0,173
1,1,1,1,1,1,1,0,1,1,1,1,1,1,0,0,174
1,1,1,1,1,1,0,1,1,1,1,1,1,1,0,0,175
1,1,1,0,1,1,1,1,1,1,1,1,1,1,0,0,176
1,1,1,1,1,0,1,1,1,1,1,1,1,1,0,0,177
1,1,1,1,0,1,1,1,1,1,1,1,1,1,0,0,178
1,1,1,0,1,1,0,1,1,1,1,1,1,1,0,0,179
1,1,0,1,1,1,1,1,1,1,1,1,1,1,0,0,180
1,0,1,1,1,1,1,1,1,1,1,1,1,1,0,0,181
0,1,1,1,1,1,1,1,1,1,1,1,1,1,0,0,182
1,1,1,1,1,0,1,1,1,1,0,1,1,0,1,1,183
1,1,1,1,1,1,1,1,1,1,1,1,0,0,1,0,184
1,1,1,1,1,1,1,1,1,1,1,0,1,0,1,0,185
1,1,1,1,1,1,1,1,1,1,0,1,1,0,1,0,186
1,1,1,1,1,1,1,1,1,0,1,1,1,0,1,0,187
1,1,1,1,1,1,1,1,0,1,1,1,1,0,1,0,188
1,1,1,1,1,1,1,0,1,1,1,1,1,0,1,0,189
1,1,1,1,1,1,0,1,1,1,1,1,1,0,1,0,190
1,0,1,1,1,1,1,1,1,1,1,1,1,0,1,0,191
1,1,1,1,1,0,1,1,1,1,1,1,1,0,1,0,192
1,1,1,1,0,1,1,1,1,1,1,1,1,0,1,0,193
1,1,1,0,1,1,1,1,1,1,1,1,1,0,1,0,194
1,1,0,1,1,1,1,1,1,1,1,1,1,0,1,0,195
1,0,1,1,1,1,1,1,1,1,1,1,1,0,0,0,196
0,1,1,1,1,1,1,1,1,1,1,1,1,0,1,0,197
1,1,1,1,1,0,1,1,1,1,0,1,0,1,1,1,198
1,1,1,1,1,0,1,1,1,1,0,0,1,1,1,1,199
1,1,1,1,1,0,1,0,1,1,0,1,1,1,1,1,200
1,1,1,1,1,0,1,1,1,0,0,1,1,1,1,1,201
1,1,1,1,1,0,1,1,0,1,0,1,1,1,1,1,202
1,1,1,1,1,0,1,0,0,1,0,1,1,1,1,1,203
1,1,1,1,1,0,0,1,1,1,0,1,1,1,1,1,204
1,1,1,0,1,0,1,1,1,1,0,1,1,1,1,1,205
1,1,1,1,0,0,1,1,1,1,0,1,1,1,1,1,206
1,1,0,0,1,0,1,1,1,1,0,1,1,1,1,1,207
1,1,0,1,1,0,1,1,1,1,0,1,1,1,1,1,208
1,0,1,1,1,0,1,1,1,1,0,1,1,1,1,1,209
0,1,1,1,1,0,1,1,1,1,0,1,1,1,1,1,210
1,1,1,1,1,1,1,1,1,1,1,0,0,1,1,0,211
1,1,1,1,1,1,1,1,1,1,0,1,0,1,1,0,212
1,1,1,1,1,1,1,1,1,0,1,1,0,1,1,0,213
1,1,1,1,1,1,1,1,0,1,1,1,0,1,1,0,214
1,1,1,1,1,1,1,0,1,1,1,1,0,1,1,0,215
1,1,1,1,1,1,0,1,1,1,1,1,0,1,1,0,216
1,1,1,0,1,1,1,1,1,1,1,1,0,1,1,0,217
1,1,1,1,1,0,1,1,1,1,1,1,0,1,1,0,218
1,1,1,1,0,1,1,1,1,1,1,1,0,1,1,0,219
1,1,0,0,1,1,1,1,1,1,1,1,0,1,1,0,220
1,1,0,1,1,1,1,1,1,1,1,1,0,1,1,0,221
0,1,1,1,1,1,1,1,1,1,1,1,0,1,1,0,223
1,1,1,1,1,1,1,1,1,1,0,0,1,1,1,0,224
1,1,1,1,1,1,1,1,1,0,1,0,1,1,1,0,225
1,1,1,1,1,1,1,1,0,1,1,0,1,1,1,0,226
1,1,1,1,1,1,1,0,1,1,1,0,1,1,1,0,227
1,1,1,1,1,1,0,1,1,1,1,0,1,1,1,0,228
1,1,1,1,0,1,1,1,1,1,1,0,1,1,1,0,229
1,1,1,1,1,0,1,1,1,1,1,0,1,1,1,0,230
1,1,1,1,0,1,1,1,1,0,1,0,1,1,1,0,231
1,1,1,0,1,1,1,1,1,1,1,0,1,1,1,0,232
1,1,0,1,1,1,1,1,1,1,1,0,1,1,1,0,233
1,0,1,1,1,1,1,1,1,1,1,0,1,1,1,0,234
0,1,1,1,1,1,1,1,1,1,1,0,1,1,1,0,235
1,1,1,1,1,1,1,1,1,0,0,1,1,1,1,0,236
1,1,1,1,1,1,1,1,0,1,0,1,1,1,1,0,237
1,1,1,1,1,1,1,0,1,1,0,1,1,1,1,0,238
1,1,1,1,0,1,1,1,1,1,0,1,1,1,1,0,240
1,1,1,1,1,0,1,1,1,1,0,1,1,1,1,0,241
0,1,1,1,0,1,1,1,1,1,0,1,1,1,1,0,242
1,1,1,0,1,1,1,1,1,1,0,1,1,1,1,0,243
1,1,0,1,1,1,1,1,1,1,0,1,1,1,1,0,244
1,0,1,1,1,1,1,1,1,1,0,1,1,1,1,0,245
0,1,1,1,1,1,1,1,1,1,0,1,1,1,1,0,246
1,1,1,1,1,1,1,1,0,0,1,1,1,1,1,0,247
1,1,1,1,1,1,1,0,1,0,1,1,1,1,1,0,248
1,1,1,1,1,1,0,1,1,0,1,1,1,1,1,0,249
0,1,1,1,1,1,1,1,1,0,1,1,1,1,1,0,250
1,1,1,1,0,1,1,1,1,0,1,1,1,1,1,0,252
1,1,1,0,1,1,1,1,1,0,1,1,1,1,1,0,253
1,1,0,1,1,1,1,1,1,0,1,1,1,1,1,0,254
1,0,1,1,1,1,1,1,1,0,1,1,1,1,1,0,255
0,1,1,1,1,1,1,1,1,0,0,1,1,1,1,0,256
1,1,1,1,1,1,1,0,0,1,1,1,1,1,1,0,257
1,1,1,1,1,1,0,1,0,1,1,1,1,1,1,0,258
1,1,1,1,0,1,1,1,0,1,1,1,1,1,1,0,259
1,1,1,1,1,0,1,1,0,1,1,1,1,1,1,0,260
1,1,1,1,0,1,1,1,0,1,1,0,1,1,1,0,261
1,1,1,0,1,1,1,1,0,1,1,1,1,1,1,0,262
1,1,0,1,1,1,1,1,0,1,1,1,1,1,1,0,263
1,0,1,1,1,1,1,1,0,1,1,1,1,1,1,0,264
1,1,1,1,1,1,0,0,1,1,1,1,1,1,1,0,266
0,1,1,1,1,1,1,0,1,1,1,1,1,1,1,0,267
1,1,1,1,1,0,1,0,1,1,1,1,1,1,1,0,268
1,1,1,1,0,1,1,0,1,1,1,1,1,1,1,0,269
1,1,1,0,1,1,1,0,1,1,1,1,1,1,1,0,270
1,1,0,1,1,1,1,0,1,1,1,1,1,1,1,0,271
1,0,1,1,1,1,1,0,1,1,1,1,1,1,1,0,272
0,1,1,1,1,1,1,0,1,1,1,1,1,1,0,0,273
1,1,1,1,1,0,0,1,1,1,1,1,1,1,1,0,275
1,1,1,1,0,1,0,1,1,1,1,1,1,1,1,0,276
1,1,1,0,1,1,0,1,1,1,1,1,1,1,1,0,277
1,1,0,1,1,1,0,1,1,1,1,1,0,1,1,0,278
1,0,1,1,1,1,0,1,1,1,1,1,1,1,1,0,279
0,1,1,1,1,1,0,1,1,1,1,1,1,1,1,0,280
0,1,1,1,1,0,1,1,1,1,1,1,1,1,1,0,281
1,1,1,1,0,0,1,1,1,1,1,1,1,1,1,0,282
1,0,1,0,1,1,1,1,1,1,1,1,1,1,1,0,283
0,1,0,1,1,1,1,1,1,1,1,1,1,1,1,0,284
1,0,0,1,1,1,1,1,1,1,1,1,1,1,1,0,285
0,1,1,0,1,1,1,1,1,1,1,1,1,1,1,0,286
1,1,1,1,0,0,1,1,1,1,0,1,1,1,1,0,287
1,1,1,0,1,0,1,1,1,1,1,1,1,1,1,0,288
1,1,0,1,1,0,1,1,1,1,1,1,1,1,1,0,289
1,0,1,1,1,0,1,1,1,1,1,1,1,1,1,0,290
0,1,1,1,1,0,1,1,1,1,1,1,1,0,1,0,291
1,1,1,0,0,1,1,1,1,1,1,1,1,1,1,0,292
1,0,1,1,0,1,1,1,1,1,1,1,1,1,1,0,294
0,1,1,1,0,1,1,1,1,1,1,1,1,1,1,0,295
1,0,1,0,1,0,1,1,1,1,1,1,1,1,1,0,297
0,1,1,0,1,1,0,1,1,1,1,1,1,1,1,0,298
1,0,0,1,1,1,1,1,1,1,1,1,1,0,1,0,299
0,1,0,0,1,1,1,1,1,1,1,1,1,1,1,0,300
0,0,1,1,1,1,1,1,1,1,1,1,1,1,1,0,301
1,1,1,1,0,0,1,1,1,1,0,1,1,0,0,1,302
0,1,1,0,0,0,1,0,0,0,0,0,0,0,1,1,303
0,0,0,0,0,0,1,1,1,1,0,0,0,0,1,0,304
0,1,0,1,0,1,1,0,0,0,1,1,0,1,0,0,305
0,0,0,0,0,0,0,0,0,0,0,1,0,0,1,0,306
1,1,1,1,1,0,1,1,0,0,0,1,1,0,1,0,308
1,1,1,1,1,0,1,1,0,1,0,0,0,0,1,1,309
0,0,0,0,0,0,1,1,0,1,0,0,0,1,1,0,310
0,0,0,0,0,0,1,0,1,1,1,0,0,1,0,0,311
1,1,0,1,0,0,0,0,0,0,0,0,0,0,0,1,312
1,1,1,1,0,0,1,0,1,0,0,1,0,1,1,1,313
0,0,0,0,0,0,1,0,1,0,0,0,0,1,0,1,314
0,0,0,0,0,0,1,0,1,1,0,0,0,1,1,0,315
1,1,1,1,1,1,1,0,0,1,1,1,0,1,1,0,316
0,0,0,0,0,0,0,0,1,0,0,1,1,0,1,1,317
1,0,0,0,0,0,0,1,1,1,0,0,0,1,1,0,318
1,1,1,1,1,0,1,0,0,0,0,1,1,1,1,0,319
1,1,1,0,1,1,1,1,1,1,1,0,1,0,1,0,320
0,1,0,0,1,0,0,1,1,1,1,0,0,0,1,0,321
0,1,0,0,1,0,0,1,1,1,0,0,1,1,1,1,322
0,1,0,0,1,0,0,0,1,1,1,0,0,1,1,0,323
1,0,1,1,1,0,1,1,0,1,0,1,1,1,1,1,324
1,1,1,1,1,0,0,1,0,0,0,1,1,1,1,0,325
1,1,1,0,1,1,0,1,1,1,1,0,1,1,1,0,327
0,0,0,0,0,0,1,1,1,1,0,0,0,1,0,0,328
1,1,1,1,0,0,1,1,0,1,0,1,1,1,1,1,329
0,1,0,0,1,0,0,1,1,1,1,0,0,1,0,0,330
0,0,0,0,0,0,1,0,1,0,0,0,0,0,1,1,331
1,1,1,1,1,0,1,1,0,0,0,1,1,1,0,0,332
1,1,1,0,1,1,1,1,1,1,1,0,1,1,0,0,333
1,1,1,1,1,0,1,1,0,1,0,1,0,1,1,1,334
1,0,1,1,0,0,0,1,0,0,0,1,1,0,0,1,335
1,0,0,0,0,0,1,0,1,1,0,0,0,1,0,0,336
0,0,0,0,0,0,0,1,1,0,0,1,1,0,0,1,337
0,1,0,0,1,0,1,0,1,1,1,0,0,0,1,0,338
0,1,0,0,1,0,1,1,1,1,1,0,0,0,0,0,339
0,0,0,0,0,0,1,0,1,0,0,1,1,0,0,1,340
1,1,1,1,0,0,1,1,1,0,0,1,0,1,0,1,341
1,1,1,0,1,0,1,1,0,1,0,1,1,1,1,1,342
0,0,0,0,0,0,1,0,0,0,0,0,0,0,1,0,343
1,1,1,0,1,1,1,0,1,1,1,0,1,1,1,0,344
1,1,0,1,1,0,1,1,0,1,0,1,1,1,1,1,345
0,0,1,0,0,0,1,0,1,1,0,0,0,1,0,0,346
1,0,1,0,1,0,1,0,1,1,0,0,0,1,1,0,347
0,1,1,1,1,0,1,1,0,1,0,1,1,1,1,1,348
1,1,1,1,1,0,1,1,0,0,0,1,1,1,1,1,349
1,1,1,1,1,0,0,1,0,1,0,1,1,1,1,1,351
1,1,1,1,1,0,0,1,0,1,0,1,0,1,1,0,353
1,0,1,1,0,0,0,0,0,0,0,1,1,1,0,1,354
0,1,0,0,1,0,1,0,1,1,1,0,0,1,0,0,355
0,0,0,0,0,0,0,0,1,1,0,1,1,0,0,1,356
0,1,0,0,1,0,0,1,1,0,1,0,0,1,1,0,357
0,1,0,0,1,0,1,1,1,0,1,0,0,0,1,0,358
1,0,1,0,0,0,1,0,0,1,0,0,0,1,0,0,359
1,0,0,1,0,0,1,0,0,1,0,0,0,1,0,0,361
0,0,1,1,0,0,1,0,0,1,0,0,0,1,0,0,362
0,0,0,0,0,0,1,0,1,0,0,0,0,0,0,0,363
1,1,1,1,0,0,1,1,0,0,0,1,1,1,0,1,364
0,0,0,0,0,0,0,0,1,0,0,1,1,1,0,1,365
0,1,0,0,0,0,0,0,1,0,0,1,0,1,0,1,367
1,0,1,0,1,0,1,0,1,0,1,0,0,1,1,0,368
0,0,0,0,0,0,0,0,1,0,0,0,0,1,1,1,369
0,0,0,0,0,0,0,0,1,0,0,0,0,0,1,0,370
0,1,0,0,0,0,0,0,0,0,0,1,1,1,0,1,371
1,1,0,0,0,0,0,0,0,0,0,1,0,1,0,1,372
0,0,0,0,0,0,0,0,1,1,0,0,0,0,1,1,373
0,0,1,1,0,0,0,0,0,1,0,0,0,1,1,0,374
1,1,1,1,1,1,1,0,1,1,1,0,0,1,1,0,375
1,0,0,0,1,0,1,0,1,0,1,0,1,1,1,0,376
1,1,1,1,0,0,1,0,1,0,0,1,1,1,0,1,377
0,0,0,0,0,0,0,0,1,1,0,0,0,0,0,0,378
0,1,1,0,0,0,0,0,0,0,0,1,0,1,0,1,379
1,1,0,1,1,1,1,0,1,1,1,0,1,1,1,0,380
1,0,1,1,1,0,0,1,0,1,0,1,1,1,1,0,381
1,1,1,0,1,0,0,1,0,1,0,1,1,1,1,0,382
1,0,0,1,0,0,0,0,0,1,0,0,0,1,1,0,383
0,0,0,0,0,0,0,1,1,0,0,0,0,0,0,0,384
0,0,0,0,0,0,1,0,1,1,0,0,0,0,0,1,385
1,1,1,1,1,0,1,1,0,1,0,1,1,0,1,1,386
0,1,1,1,1,1,1,0,1,1,1,0,1,1,1,0,387
1,1,1,1,1,1,1,0,0,1,1,0,1,1,1,0,388
1,0,1,0,1,0,0,0,0,0,0,1,1,0,1,1,389
1,0,1,0,1,0,0,1,0,0,0,1,1,0,0,1,390
0,0,1,1,0,0,0,1,0,1,0,0,0,1,0,0,391
0,1,0,0,0,0,0,0,0,0,0,1,0,1,1,1,392
1,1,1,1,0,1,1,0,1,1,1,0,1,1,1,0,393
1,1,1,1,1,0,1,1,0,0,1,1,0,1,1,0,394
1,0,0,1,0,0,0,1,0,1,0,0,0,1,0,0,395
1,0,0,0,0,0,0,0,1,0,0,0,0,0,0,0,396
0,1,0,0,1,0,0,0,0,0,0,1,0,1,0,1,397
0,0,1,0,0,0,0,0,1,0,0,0,0,0,0,0,398
1,0,1,0,1,0,0,0,0,0,0,1,1,1,0,1,399
1,1,1,1,1,0,1,1,0,0,1,1,1,0,1,0,400
1,1,1,1,0,1,1,1,1,1,1,0,1,0,1,0,401
0,0,0,0,0,0,0,0,1,1,0,0,0,1,0,1,402
0,0,0,0,0,0,0,1,1,0,0,0,0,0,1,1,403
1,0,0,1,0,0,0,0,0,1,1,0,0,1,0,0,404
0,0,1,0,1,0,1,0,1,0,1,0,1,1,1,0,405
0,0,0,0,0,0,1,1,1,0,0,0,0,0,0,1,406
1,1,1,1,1,0,0,1,0,0,1,1,1,1,1,0,407
0,1,0,1,0,0,0,0,0,0,0,1,0,1,0,1,408
0,0,1,1,0,0,0,0,0,1,1,0,0,1,0,0,409
0,1,1,1,1,0,0,1,0,1,0,1,1,1,1,0,410
0,0,0,0,0,0,0,1,1,0,0,0,0,1,0,1,411
1,1,0,1,1,0,0,1,0,1,0,1,1,1,1,0,412
0,0,1,0,1,0,1,0,1,1,1,0,1,1,0,0,413
1,0,0,0,1,0,1,0,1,1,1,0,1,1,0,0,414
1,1,1,1,0,0,1,1,0,0,0,1,0,1,1,1,415
1,1,1,1,0,1,1,1,1,1,1,0,1,1,0,0,416
1,1,1,1,1,0,0,0,0,1,0,1,1,1,1,0,417
1,1,1,1,0,1,1,1,1,1,0,0,1,1,1,0,418
0,0,1,1,0,0,0,1,0,0,0,0,0,1,1,0,419
1,1,0,1,0,0,1,1,1,0,0,1,0,1,1,1,420
0,1,0,0,1,0,1,1,1,0,1,0,0,1,0,0,421
1,0,1,0,0,0,0,0,0,0,0,0,0,0,0,0,422
0,0,1,0,0,0,0,0,0,0,0,1,0,1,1,1,423
0,1,0,0,1,0,0,1,1,0,1,0,1,0,1,0,424
0,0,0,0,0,0,0,1,1,1,0,0,0,0,0,1,425
0,1,1,1,0,0,1,1,1,0,0,1,0,1,1,1,426
0,1,0,0,1,0,0,1,1,0,1,0,1,1,0,0,427
1,0,1,0,1,0,1,0,0,0,0,1,1,0,0,1,428
1,1,1,1,1,0,0,1,0,1,0,1,1,1,0,0,429
0,0,0,0,0,0,0,1,1,0,0,0,1,0,0,1,430
1,0,1,0,0,0,0,1,0,0,0,1,1,0,1,1,431
0,0,0,0,0,0,0,1,0,1,0,0,1,0,0,1,432
0,1,0,0,1,0,1,1,1,0,1,0,1,0,0,0,433
1,0,0,0,0,0,0,0,0,0,0,1,0,1,1,1,436
0,1,0,0,1,0,0,0,1,1,1,0,1,0,1,0,437
1,0,1,1,1,0,1,1,0,1,0,1,0,1,1,0,438
1,0,0,1,0,0,0,1,0,0,0,0,0,1,1,0,440
1,1,1,0,0,0,1,1,1,0,0,1,0,1,1,1,441
0,0,0,0,0,0,0,1,0,0,0,0,1,0,1,1,442
0,0,1,0,0,0,0,0,0,0,0,0,0,0,1,0,443
1,0,1,1,1,0,1,1,0,0,1,1,0,1,1,0,444
0,0,0,0,0,0,0,1,0,0,0,0,0,1,1,1,446
1,0,1,1,1,1,1,1,1,0,1,0,1,1,1,0,447
1,1,1,1,1,0,1,1,0,0,1,1,1,1,0,0,448
1,0,1,0,1,0,0,1,0,0,0,0,1,0,1,1,449
1,0,0,1,0,0,0,0,0,0,1,0,0,1,1,0,450
1,1,1,1,0,0,0,1,1,0,0,1,0,1,1,1,451
1,0,1,0,0,0,0,1,0,0,0,0,1,1,1,1,452
0,0,0,0,0,0,0,1,0,1,0,0,0,1,0,1,453
0,1,0,0,1,0,1,0,1,1,1,0,1,0,0,0,454
1,0,1,1,1,1,1,1,1,1,1,0,1,0,1,0,455
1,0,1,0,0,0,1,1,0,0,0,0,1,0,1,1,456
0,0,1,1,0,0,0,0,0,0,1,0,0,1,1,0,457
0,0,0,0,0,0,0,1,0,0,0,0,1,1,0,1,458
0,0,1,0,0,0,0,1,0,0,0,0,0,0,1,1,459
0,0,1,0,0,0,0,1,0,1,0,0,0,0,0,1,460
0,0,1,1,0,0,0,1,0,0,1,0,0,1,0,0,461
1,0,1,1,1,1,1,1,1,1,1,0,1,1,0,0,462
0,0,1,0,0,0,0,1,0,0,0,0,1,0,0,1,463
1,0,0,1,0,0,0,1,0,0,1,0,0,1,0,0,464
0,1,0,1,1,0,0,0,1,1,1,0,1,0,0,0,465
0,0,1,1,1,0,1,1,0,1,1,1,0,1,1,0,466
1,1,1,0,0,0,1,1,0,0,0,1,1,1,1,1,468
1,0,0,1,1,0,1,1,0,1,1,1,0,1,1,0,469
1,0,1,0,1,0,1,0,0,0,0,0,1,1,0,1,470
1,0,1,1,1,0,0,1,0,1,1,1,0,1,1,0,472
1,0,0,1,0,0,1,0,0,0,0,0,0,1,1,0,473
1,1,1,1,1,0,1,0,0,0,1,1,1,1,1,0,474
0,1,0,1,1,0,0,0,1,1,1,0,0,1,0,0,475
0,0,0,1,0,0,0,0,0,0,0,1,0,1,1,1,476
0,1,0,1,1,0,1,0,1,1,1,0,0,0,0,0,477
1,0,1,1,0,0,0,1,0,0,0,0,1,0,1,1,478
1,0,1,1,1,1,1,1,1,1,0,0,1,1,1,0,479
1,0,1,1,1,0,1,1,0,1,1,1,0,0,1,0,480
0,1,0,1,1,0,0,1,1,1,1,0,0,0,0,0,481
1,1,0,0,1,0,0,0,1,1,1,0,0,0,1,0,483
1,1,1,1,0,0,0,1,0,0,0,1,1,1,1,1,484
1,0,1,1,1,0,1,0,0,1,1,1,0,1,1,0,485
0,0,1,1,0,0,1,0,0,0,0,0,0,1,1,0,486
1,1,1,1,1,1,1,1,0,1,1,0,1,0,1,0,487
1,0,1,1,1,0,0,0,0,0,0,0,1,1,0,1,488
0,0,1,1,0,0,1,1,0,0,0,0,0,1,0,0,489
0,1,1,1,0,0,1,1,0,0,0,1,1,1,1,1,490
1,0,0,0,0,0,0,0,0,0,0,0,1,0,0,0,491
0,0,1,0,0,0,0,1,1,0,0,0,0,0,0,1,492
1,1,1,0,1,0,1,1,0,0,1,1,1,1,1,0,493
1,1,1,1,1,1,1,1,0,1,1,0,1,1,0,0,494
1,1,1,1,1,1,1,1,1,1,1,0,0,0,1,0,495
1,0,1,1,1,0,1,0,0,0,0,0,1,0,0,1,496
1,0,1,1,0,0,1,0,0,0,0,0,1,1,0,1,497
0,1,1,0,1,0,0,0,1,1,1,0,0,0,1,0,498
1,0,1,1,1,0,0,0,0,0,0,1,1,0,0,1,499
0,0,0,1,1,0,1,0,1,0,1,0,1,1,1,0,500
0,0,1,1,0,0,0,0,0,0,0,1,0,1,0,1,501
1,1,1,0,1,0,0,0,1,1,1,0,0,0,0,0,502
0,0,0,0,0,0,0,0,0,1,0,0,1,0,0,0,503
1,0,0,0,0,0,0,1,0,0,0,0,0,0,1,1,505
1,0,0,1,0,0,0,0,0,0,0,1,0,1,0,1,506
0,0,0,0,1,0,1,0,1,1,1,0,1,1,1,0,507
1,0,0,1,0,0,1,1,0,0,0,0,0,1,0,0,509
1,0,0,1,0,0,1,0,0,0,1,0,0,1,0,0,510
0,0,1,0,1,0,0,1,0,0,0,1,1,0,1,1,512
1,0,1,1,1,0,1,1,0,1,1,1,0,1,0,0,513
0,0,0,0,0,0,0,0,0,0,0,1,1,0,0,0,514
1,0,0,1,1,0,1,0,1,0,1,0,1,1,0,0,515
1,1,0,1,1,0,1,1,0,0,1,1,1,1,1,0,516
1,0,0,1,1,0,1,0,0,0,1,0,1,1,1,0,517
1,0,0,1,0,0,0,1,0,0,1,0,0,0,1,0,518
0,0,1,1,0,0,0,1,0,0,1,0,0,0,1,0,519
1,0,1,0,1,0,1,1,0,1,1,1,0,1,1,0,520
1,0,0,1,0,0,0,1,0,0,1,0,1,0,0,0,521
0,0,1,1,0,0,0,1,0,0,1,0,1,0,0,0,522
0,0,1,1,1,0,0,0,0,0,0,1,1,1,0,1,523
1,0,1,0,0,0,0,1,0,0,0,0,0,0,0,1,524
0,0,1,1,1,0,1,0,0,0,0,1,1,0,0,1,525
0,1,1,1,1,0,1,1,0,0,1,1,1,1,1,0,526
1,0,0,0,0,0,0,1,0,0,0,0,1,0,0,1,527
0,0,1,1,0,0,0,0,0,0,1,0,1,0,1,0,528
0,0,1,0,1,0,0,0,0,0,0,0,0,0,0,0,529
1,0,0,1,0,0,0,0,0,0,1,0,1,0,1,0,530
0,0,1,1,0,0,1,0,0,0,1,0,1,0,0,0,531
1,1,1,0,1,0,1,1,0,1,0,1,0,1,1,0,532
0,0,1,0,1,0,1,0,0,0,0,1,1,1,0,1,533
1,0,0,0,0,0,0,0,0,0,0,1,1,1,0,1,534
1,1,0,0,1,0,0,1,1,1,1,0,0,0,0,0,535
0,0,0,1,1,0,0,1,0,0,0,1,1,0,1,1,536
0,0,0,0,0,0,0,1,0,0,0,0,0,0,1,0,537
1,1,0,1,1,1,1,1,1,1,1,0,1,0,1,0,539
1,1,1,0,0,0,0,1,1,0,0,1,1,1,1,1,540
1,1,1,0,1,0,1,1,0,0,1,1,0,1,1,0,541
1,0,0,0,0,0,0,1,1,0,0,0,0,0,0,1,542
0,1,1,0,0,0,1,1,1,0,0,1,1,1,1,1,543
1,1,1,0,0,0,1,0,1,0,0,1,1,1,1,1,544
0,1,1,0,1,0,0,1,1,1,1,0,0,0,0,0,545
0,1,1,1,1,1,1,1,1,1,1,0,1,0,1,0,546
1,1,1,0,1,0,0,1,0,1,1,1,0,1,1,0,547
1,1,1,0,1,0,1,1,0,1,1,1,0,0,1,0,548
0,0,1,0,0,0,0,0,0,0,0,1,1,1,0,1,549
1,0,0,1,0,0,1,0,0,0,1,0,1,0,0,0,550
1,1,1,1,1,1,1,1,1,1,0,0,0,1,1,0,551
1,1,1,0,1,1,1,1,1,1,0,0,1,1,1,0,552
0,1,0,0,0,0,0,1,1,0,0,0,0,0,0,1,553
1,1,0,1,1,1,1,1,1,1,0,0,1,1,1,0,554
1,1,1,0,1,0,1,0,0,1,1,1,0,1,1,0,556
1,1,1,0,0,0,1,1,1,0,0,1,1,1,0,1,557
1,1,0,0,0,0,1,1,1,0,0,1,1,1,1,1,558
1,1,1,0,1,0,1,1,0,1,1,1,0,1,1,0,559
0,1,1,1,1,1,1,1,1,1,0,0,1,1,1,0,560
0,0,0,0,1,0,0,0,0,0,0,1,0,1,1,1,561
1,1,1,1,1,1,1,1,1,1,0,0,1,1,0,0,562
0,1,1,1,1,0,1,1,0,1,1,1,0,1,1,0,563
0,0,0,0,0,0,0,1,0,1,0,0,0,0,0,0,564
0,0,0,0,1,0,0,1,0,0,0,1,1,1,1,1,565
0,0,0,1,1,0,1,0,0,1,1,0,1,1,1,0,566
0,0,0,0,1,0,1,1,0,0,0,1,1,0,1,1,567
1,1,0,0,1,1,1,1,1,1,1,0,1,1,1,0,568
1,1,0,1,1,0,1,1,0,1,1,1,0,1,1,0,569
0,0,0,0,1,0,0,1,1,0,0,0,0,0,0,1,570
0,0,0,1,1,0,1,0,0,0,0,1,1,1,0,1,571
1,0,0,0,1,0,0,1,0,0,0,1,1,0,1,1,572
0,0,0,1,0,0,0,1,1,0,0,0,0,0,0,1,573
1,0,0,0,1,0,0,0,0,0,0,1,0,1,0,1,574
1,0,0,1,1,0,0,0,0,0,0,1,1,1,0,1,575
0,0,1,0,1,0,0,0,0,0,0,1,0,1,0,1,576
1,0,0,1,1,0,1,0,0,1,1,0,1,1,0,0,577
0,0,0,1,1,0,0,0,0,0,0,1,0,1,0,1,578
0,1,1,0,1,1,1,1,1,1,1,0,1,1,1,0,579
1,0,0,1,0,0,0,0,0,0,1,0,1,1,0,0,580
0,0,0,0,1,0,0,0,0,0,0,1,1,1,0,1,581
1,1,1,1,1,0,1,0,0,1,1,1,0,1,1,0,582
1,0,1,0,0,0,0,0,0,0,0,0,0,1,1,1,583
0,1,0,1,1,1,1,1,1,1,1,0,1,1,1,0,584
0,0,0,1,0,0,0,1,0,0,0,0,0,0,1,1,585
0,0,0,0,0,0,0,0,0,1,0,0,0,1,0,0,586
1,1,0,1,1,0,0,0,1,1,1,0,0,0,0,0,587
1,0,0,1,1,0,1,0,0,0,0,1,1,0,0,1,588
0,0,1,1,0,0,0,0,0,0,1,0,1,1,0,0,589
0,1,1,1,1,0,0,0,1,1,1,0,0,0,0,0,590
0,0,1,1,0,0,0,1,0,0,0,0,0,0,0,1,591
1,0,1,1,0,0,0,0,0,0,0,0,0,1,0,1,592
1,1,0,1,1,1,1,1,1,1,1,0,1,1,0,0,593
1,1,1,0,1,0,1,1,0,1,1,1,0,1,0,0,594
1,0,0,1,1,0,1,0,0,1,1,0,0,1,1,0,595
1,0,0,1,0,0,0,0,0,0,0,0,0,1,1,1,596
0,1,1,1,1,1,1,1,1,1,1,0,1,1,0,0,597
1,1,0,1,0,0,0,1,1,0,0,1,1,1,1,1,598
1,0,0,1,1,0,1,0,1,0,1,0,0,1,1,0,599
0,0,0,1,1,0,1,0,1,1,1,0,0,1,1,0,600
1,0,0,0,0,0,0,1,0,0,1,0,1,0,1,0,601
1,1,1,1,1,0,1,1,0,1,1,1,0,1,0,0,602
1,0,0,0,1,0,1,0,0,0,0,1,1,1,0,1,603
0,0,1,1,0,0,0,0,0,0,0,0,0,1,1,1,604
0,0,1,0,0,0,0,1,0,0,1,0,1,0,1,0,605
1,0,1,0,1,0,0,0,0,1,0,1,1,0,0,1,606
0,1,1,0,1,0,1,1,0,1,1,1,0,1,1,0,607
1,1,0,0,1,0,0,0,1,1,1,0,1,0,0,0,608
0,0,1,1,1,0,0,0,0,1,0,1,1,0,0,1,609
1,1,1,1,1,1,1,1,1,1,0,0,1,0,1,0,610
1,0,0,1,1,0,0,0,0,1,0,1,1,0,0,1,611
0,1,1,0,1,0,0,0,1,1,1,0,1,0,0,0,612
0,0,0,0,0,0,1,0,0,1,0,0,0,0,0,0,613
1,0,0,1,0,0,0,1,0,0,0,0,0,0,0,1,614
0,1,0,1,0,0,0,1,0,0,0,0,0,0,0,1,615
1,0,0,0,0,0,1,0,0,0,1,0,1,0,1,0,616
0,0,0,1,1,0,0,0,0,1,0,1,1,0,1,1,617
1,0,1,0,0,0,0,0,0,0,0,0,1,1,0,1,618
1,1,0,0,1,0,1,1,0,1,1,1,0,1,1,0,619
0,0,1,0,0,0,1,0,0,0,1,0,1,0,1,0,620
0,1,0,1,1,0,1,1,0,1,1,1,0,1,1,0,621
1,1,0,0,1,0,1,0,1,1,1,0,0,0,0,0,623
1,1,1,1,0,0,0,1,1,0,0,1,1,1,0,1,624
0,0,0,1,1,0,0,1,0,0,0,0,0,0,0,1,625
0,1,1,1,0,0,0,1,1,0,0,1,1,1,1,1,626
1,1,1,1,1,0,1,1,0,1,1,1,0,0,1,0,627
0,1,1,0,1,0,1,0,1,1,1,0,0,0,0,0,628
1,1,1,1,1,1,1,1,1,1,1,0,1,0,0,0,629
0,0,1,0,0,0,0,0,0,0,0,0,1,1,1,1,630
1,0,0,0,0,0,0,0,0,0,0,0,1,1,1,1,631
1,0,0,1,1,0,1,0,1,1,1,0,0,1,0,0,632
1,0,0,0,1,0,0,0,0,1,0,1,1,0,1,1,633
0,1,0,1,0,0,1,1,1,0,0,1,1,1,1,1,635
1,1,1,1,1,0,0,1,0,1,1,1,0,1,1,0,636
0,1,1,1,0,0,1,0,1,0,0,1,1,1,1,1,637
0,1,1,1,1,0,1,1,0,1,1,1,0,0,1,0,638
1,1,0,1,1,0,1,1,0,1,1,1,0,0,1,0,639
0,0,0,1,0,0,0,0,0,0,0,0,1,1,1,1,640
1,0,0,0,0,0,1,1,0,0,1,0,1,0,0,0,642
0,0,1,0,0,0,1,1,0,0,1,0,1,0,0,0,643
1,1,1,1,1,0,1,0,0,1,1,1,1,0,1,0,644
0,1,1,1,1,0,1,0,0,1,1,1,0,1,1,0,645
0,0,0,1,0,0,0,1,0,0,0,0,1,0,0,1,646
1,1,1,1,1,0,0,0,0,1,1,1,1,1,1,0,647
1,0,0,1,0,0,0,0,0,0,0,0,1,1,0,1,648
0,0,0,0,1,0,0,0,0,0,0,0,1,0,0,0,653
0,0,0,1,0,0,0,1,0,1,0,0,0,0,0,1,654
1,1,1,1,1,1,1,1,1,1,1,0,0,1,0,0,655
1,0,0,0,0,0,0,0,0,0,1,0,1,1,1,0,656
0,0,1,0,0,0,0,1,0,0,1,0,1,1,0,0,657
0,0,0,0,0,0,0,0,1,0,0,0,0,1,0,1,659
1,0,0,0,0,0,0,1,0,0,1,0,1,1,0,0,661
0,0,0,1,0,0,0,1,0,0,0,0,0,0,0,0,662
0,0,1,1,0,0,0,0,0,0,0,0,1,1,0,1,663
0,0,1,0,1,0,0,0,0,1,0,1,1,0,1,1,664
0,0,0,0,1,0,0,1,0,1,0,1,1,0,1,1,665
1,1,1,1,1,0,1,0,0,1,1,1,1,1,0,0,666
1,0,1,0,1,0,0,0,0,0,0,0,0,1,0,1,667
1,1,1,0,1,0,1,0,0,1,1,1,1,1,1,0,668
1,1,0,1,0,0,1,0,1,0,0,1,1,1,1,1,669
0,0,0,0,0,0,0,0,0,1,0,1,0,0,0,0,670
0,1,0,0,0,0,0,1,0,0,0,0,0,0,1,1,672
0,1,1,0,1,0,0,0,1,1,1,0,0,1,0,0,673
0,1,1,0,0,0,0,1,0,0,0,0,0,0,0,1,674
0,0,1,0,1,0,0,1,0,1,0,1,1,0,0,1,677
1,0,0,0,1,0,0,1,0,1,0,1,1,0,0,1,678
1,0,0,0,1,0,0,0,0,0,0,0,0,1,1,1,679
0,1,1,0,1,0,0,1,0,1,1,0,0,0,1,0,680
1,1,0,0,1,0,0,1,0,1,1,0,0,0,1,0,681
1,0,0,1,1,0,1,0,0,1,0,0,1,1,1,0,682
1,1,1,0,0,0,1,1,0,0,1,1,0,1,1,0,683
1,1,0,0,0,0,0,1,0,0,0,0,0,0,0,1,684
0,0,0,0,1,0,0,1,0,0,0,0,0,0,1,1,685
1,1,0,0,0,0,0,0,0,0,0,0,0,0,0,0,686
1,0,0,1,1,0,1,0,1,0,0,0,1,1,1,0,687
0,1,1,0,0,0,0,0,0,0,0,0,0,0,0,0,688
0,1,1,1,1,0,1,0,0,1,1,1,1,1,1,0,689
1,1,1,0,1,0,1,1,0,1,1,1,1,1,0,0,690
0,1,1,1,0,0,1,1,0,0,1,1,0,1,1,0,691
1,1,1,1,1,1,1,1,1,0,1,0,1,0,1,0,692
1,1,1,0,1,0,0,0,0,1,1,0,0,0,1,0,693
0,1,0,1,0,0,0,0,0,0,0,0,0,0,0,0,694
1,1,0,1,1,0,1,0,0,1,1,1,0,1,1,0,695
1,1,1,0,1,0,0,1,0,1,1,0,0,0,0,0,696
0,0,1,0,1,0,0,0,0,0,0,0,0,1,1,1,697
0,0,1,0,1,0,0,1,0,0,0,0,0,0,0,1,698
0,1,0,1,1,0,0,1,0,1,1,0,0,0,1,0,699
1,0,0,0,1,0,0,1,0,0,0,0,0,0,0,1,700
0,1,1,1,1,0,1,1,0,1,1,1,0,1,0,0,701
0,0,0,1,1,0,0,0,0,0,0,0,0,1,1,1,702
1,1,0,1,1,0,1,1,0,1,1,1,0,1,0,0,703
1,1,1,1,0,0,1,0,0,0,1,1,0,1,1,0,704
0,1,0,0,0,0,1,0,0,0,0,0,0,0,0,0,705
1,0,0,0,0,0,1,0,0,0,1,0,1,1,0,0,707
1,1,0,1,1,0,1,1,0,1,1,1,1,1,0,0,708
0,1,1,1,1,0,1,1,0,1,1,1,1,1,0,0,709
1,1,1,0,1,0,1,1,0,1,1,1,1,0,1,0,710
1,1,1,1,0,0,1,1,0,0,1,1,0,1,0,0,711
0,1,0,0,0,0,0,0,0,0,0,1,0,0,0,0,712
0,1,0,0,1,0,0,1,0,0,0,0,0,0,0,1,713
0,0,0,1,1,0,0,1,0,1,0,1,1,0,0,1,714
1,0,0,1,1,0,0,0,0,0,0,0,0,1,0,1,715
1,1,0,1,0,0,1,1,0,0,1,1,0,1,1,0,716
1,1,0,1,1,0,1,1,0,1,1,1,1,0,1,0,717
0,0,1,1,1,0,0,0,0,0,0,0,0,1,0,1,718
1,1,1,1,1,0,1,0,0,1,1,1,0,1,0,0,719
1,1,1,1,1,0,1,0,0,1,1,1,0,0,1,0,720
0,0,0,0,1,0,0,0,0,0,0,0,1,1,1,1,722
0,1,0,0,0,0,0,1,0,0,0,0,1,0,0,1,723
0,0,1,0,0,0,1,0,0,0,1,0,1,1,0,0,725
0,0,1,0,1,0,0,0,0,0,0,0,1,1,0,1,726
0,0,0,0,1,0,0,0,0,1,0,1,1,1,1,1,727
0,0,0,1,1,0,1,0,1,1,0,0,1,1,1,0,728
0,0,0,0,1,0,0,1,0,0,0,0,1,0,0,1,730
1,0,0,1,1,0,1,0,1,1,0,0,1,1,0,0,731
1,0,0,0,0,0,0,1,0,1,0,0,0,0,0,1,732
1,0,0,0,1,0,0,0,0,0,0,0,1,1,0,1,733
1,1,1,1,1,0,1,1,0,1,1,1,0,0,0,0,734
1,1,0,1,1,0,1,0,0,1,0,0,0,1,1,0,737
1,0,0,0,1,0,0,0,0,1,0,1,1,1,0,1,738
0,1,1,1,1,0,1,1,0,1,1,1,1,0,1,0,739
0,0,0,1,1,0,0,0,0,0,0,0,1,1,0,1,740
1,1,0,0,0,0,1,1,1,0,1,1,0,1,1,0,741
1,1,1,1,1,1,1,0,1,1,1,0,1,1,0,0,742
1,1,0,1,1,0,0,0,0,1,1,0,0,0,1,0,743
1,1,0,1,1,0,0,1,0,1,1,0,0,0,0,0,744
0,1,0,0,0,0,0,0,0,1,0,0,0,0,0,1,745
1,1,1,1,1,1,1,0,1,1,1,0,1,0,1,0,746
0,1,0,0,0,0,0,1,0,1,0,0,0,0,0,1,747
0,1,1,1,1,0,0,0,0,1,1,0,0,0,1,0,748
1,0,1,0,0,0,0,0,0,0,1,0,1,0,1,0,749
1,1,0,1,1,0,1,0,1,0,0,0,0,1,1,0,750
1,1,1,1,1,0,0,1,0,1,1,1,0,0,1,0,751
1,0,1,0,0,0,0,1,0,0,1,0,1,0,0,0,752
1,1,1,1,1,0,0,0,0,1,1,1,0,1,1,0,753
0,1,1,1,1,0,0,1,0,1,1,1,0,1,1,0,754
1,1,0,1,1,0,0,1,0,1,1,1,0,1,1,0,755
0,1,1,1,1,0,0,1,0,1,1,0,0,0,0,0,756
1,1,1,0,0,0,0,0,0,0,0,0,0,1,0,1,757
1,1,1,1,1,1,0,1,1,1,1,0,1,0,1,0,758
0,0,0,0,1,0,0,1,0,1,0,0,0,0,0,1,759
1,1,1,1,1,0,0,0,0,1,1,0,0,0,0,0,760
1,1,1,0,0,0,1,0,1,0,1,1,0,1,1,0,761
0,1,1,0,0,0,0,0,0,0,0,0,0,1,1,1,762
0,1,0,0,0,0,0,0,0,0,0,0,0,1,0,1,763
1,1,1,1,1,1,0,1,1,1,0,0,1,1,1,0,765
1,1,1,1,1,0,0,1,0,1,1,1,0,1,0,0,766
0,1,0,1,1,0,1,0,1,1,0,0,0,1,1,0,767
1,0,1,0,0,0,1,0,0,0,1,0,1,0,0,0,768
1,1,1,1,1,1,0,1,1,1,1,0,1,1,0,0,769
0,0,0,1,0,0,0,0,0,0,0,0,0,0,1,1,770
1,1,1,0,0,0,1,1,1,0,1,1,0,1,0,0,771
1,1,0,0,0,0,0,0,0,0,0,0,0,1,1,1,772
1,1,1,1,1,0,0,1,1,1,0,1,1,1,1,0,774
0,0,0,0,0,0,0,1,0,1,0,1,0,0,0,1,775
1,1,1,0,1,0,0,1,0,1,1,1,1,1,1,0,776
0,0,0,0,0,0,1,1,0,0,1,0,1,0,1,0,777
0,0,1,0,0,0,0,1,0,0,0,1,0,0,0,1,778
1,1,1,1,1,0,0,1,0,0,1,1,0,1,1,0,779
1,1,0,1,1,0,1,0,1,1,0,0,0,1,0,0,780
1,1,0,1,1,0,0,1,0,1,1,1,1,1,1,0,781
0,0,1,0,0,0,0,1,0,0,0,0,0,0,0,1,782
0,1,1,1,1,0,0,1,0,1,1,1,1,1,1,0,783
1,1,1,1,1,0,0,1,0,1,1,1,1,0,1,0,784
1,0,1,0,0,0,0,0,0,0,1,0,1,1,0,0,785
1,0,0,0,0,0,0,1,0,0,0,0,0,0,0,1,786
0,1,0,1,0,0,0,0,0,0,0,0,0,1,1,1,787
1,1,0,1,1,0,1,0,0,0,0,0,1,1,1,0,788
1,1,1,1,1,0,1,1,0,0,1,1,0,0,1,0,789
1,1,1,1,1,0,1,1,1,1,0,1,1,0,1,0,790
1,1,1,1,1,0,1,0,1,1,0,1,1,1,1,0,791
0,0,0,1,1,0,0,0,0,1,0,1,1,1,0,1,792
1,0,0,0,0,0,0,1,0,0,0,1,0,0,0,1,793
1,1,1,1,0,1,0,1,0,1,1,0,0,1,1,0,794
0,1,0,1,1,0,1,0,0,1,0,0,1,1,1,0,795
1,1,1,1,1,0,1,1,0,1,1,1,1,0,0,0,797
1,1,1,1,1,0,1,1,1,1,0,1,1,1,0,0,798
1,1,0,1,1,0,1,0,0,1,0,0,1,1,0,0,799
0,0,1,1,0,0,0,0,0,0,0,0,0,0,0,1,800
1,0,0,1,0,0,0,0,0,0,0,0,0,0,0,1,801
0,0,0,0,1,0,0,1,0,1,0,1,1,1,0,1,802
1,1,0,1,0,0,0,0,0,0,0,0,0,1,0,1,803
1,1,1,1,0,0,1,1,0,1,1,0,0,1,1,0,804
0,0,0,0,0,0,0,1,0,0,1,0,1,1,1,0,805
0,1,0,0,1,0,0,1,0,1,1,0,1,0,1,0,806
0,0,1,0,0,0,0,0,0,1,0,0,0,0,0,1,807
1,1,1,0,0,1,1,1,0,1,1,0,0,1,1,0,808
1,1,0,0,1,0,0,0,0,1,1,0,1,0,1,0,809
1,1,1,1,1,0,1,1,1,0,0,1,1,1,1,0,810
0,1,0,1,1,0,1,0,1,0,0,0,1,1,1,0,811
0,0,1,0,0,0,0,0,0,0,0,1,0,0,1,1,813
1,1,1,1,1,0,0,1,0,1,1,1,1,1,0,0,814
1,0,0,0,0,0,0,0,0,1,0,0,0,0,0,1,815
0,0,0,0,0,0,1,0,0,0,1,0,1,1,1,0,816
1,0,0,0,0,0,0,0,0,0,0,1,0,0,1,1,817
1,1,0,0,1,0,1,1,0,1,1,1,1,1,1,0,818
0,1,1,1,0,0,0,0,0,0,0,0,0,1,0,1,819
1,1,0,0,1,0,0,1,0,1,1,0,1,0,0,0,820
0,1,1,0,0,0,1,1,1,0,1,1,0,1,1,0,821
0,1,0,1,0,0,1,1,1,0,1,1,0,1,1,0,822
0,0,0,0,0,0,1,1,0,0,1,0,1,1,0,0,823
0,1,1,0,1,0,1,1,0,1,1,1,1,1,1,0,824
0,1,0,1,1,0,1,1,0,1,1,1,1,1,1,0,825
1,1,1,1,1,0,0,1,1,0,1,1,1,1,1,0,826
1,1,0,1,0,0,1,0,1,0,1,1,0,1,1,0,827
1,1,0,1,1,0,1,0,1,0,0,0,1,1,0,0,828
1,1,1,1,1,0,1,1,0,0,1,0,1,1,1,0,829
0,1,0,0,0,0,0,0,0,0,0,0,1,1,1,1,830
0,1,1,0,0,0,0,0,0,0,0,0,1,1,0,1,831
0,0,0,0,1,0,1,0,0,1,0,1,1,0,1,1,833
1,1,1,1,1,0,1,1,1,0,0,1,0,1,1,1,834
1,1,0,1,0,0,1,1,1,0,1,1,0,1,0,0,835
1,1,1,1,1,0,1,1,1,0,0,0,1,1,1,1,836
0,1,1,1,0,0,1,0,1,0,1,1,0,1,1,0,837
1,1,1,1,1,0,1,1,1,1,0,0,0,1,1,1,838
1,1,0,0,0,0,0,0,0,0,0,0,1,1,0,1,839
0,0,1,0,1,0,1,0,0,1,0,1,1,0,0,1,841
1,1,1,1,1,0,1,1,1,0,1,1,1,0,1,0,842
0,0,0,1,0,0,0,0,0,0,0,1,0,0,1,1,843
1,1,1,1,1,0,1,0,1,0,1,1,1,1,1,0,844
0,1,1,0,1,0,0,0,0,1,1,0,1,0,1,0,845
1,1,1,1,1,0,1,0,1,1,0,0,1,1,1,1,846
0,1,1,1,0,0,1,1,1,0,1,1,0,1,0,0,847
1,1,1,1,0,0,1,0,1,0,1,1,0,1,0,0,848
1,1,1,1,1,0,1,1,1,0,1,1,1,1,0,0,849
0,0,0,1,0,0,1,0,0,0,1,0,1,0,1,0,850
1,1,1,1,1,0,1,0,1,1,1,1,1,1,0,0,851
1,0,0,0,1,0,1,0,0,1,0,1,1,0,0,1,852
0,1,1,1,0,1,1,1,0,1,1,0,0,1,1,0,853
1,1,1,1,1,0,1,1,1,1,0,0,1,1,0,1,854
0,0,0,1,1,0,1,0,0,1,0,1,1,0,0,1,855
1,1,0,0,0,0,1,1,0,0,1,1,1,1,1,0,856
1,1,0,1,0,1,1,1,0,1,1,0,0,1,1,0,857
0,0,0,0,1,0,1,1,0,1,0,1,1,0,0,1,858
0,1,1,0,1,0,0,1,0,1,1,0,1,0,0,0,859
0,0,0,0,0,0,0,0,1,0,0,1,0,0,1,1,860
0,0,0,1,0,0,1,1,0,0,1,0,1,0,0,0,861
1,1,1,0,0,0,1,0,0,0,1,1,1,1,1,0,862
0,1,0,1,0,0,0,0,0,0,0,0,1,1,0,1,863
1,1,1,1,1,0,1,0,1,1,1,1,1,0,1,0,864
1,1,1,0,0,0,1,1,0,0,1,1,1,1,0,0,865
0,1,0,0,1,0,0,0,0,0,0,0,0,1,1,1,866
0,0,1,0,0,0,0,0,0,0,0,0,0,1,0,1,867
0,0,0,0,0,0,0,0,0,0,0,0,0,1,1,1,868
1,1,0,0,1,0,0,0,0,0,0,0,0,1,0,1,870
0,1,0,1,1,0,1,0,1,1,0,0,1,1,0,0,871
0,0,0,0,1,0,1,0,0,1,0,1,1,1,0,1,872
0,0,1,1,1,0,0,0,0,0,0,1,1,0,1,1,873
0,1,1,0,1,0,0,0,0,0,0,0,0,1,0,1,874
1,1,1,1,1,0,0,1,1,1,0,0,1,1,1,1,875
0,1,0,1,1,0,0,0,0,0,0,0,0,1,0,1,876
1,1,1,1,1,0,1,1,1,1,1,1,1,0,0,0,877
0,1,0,1,1,0,0,0,0,1,1,0,1,0,1,0,878
0,0,0,1,0,0,0,0,0,0,1,0,1,1,1,0,879
0,1,0,0,1,0,0,0,0,0,0,0,1,1,0,1,880
1,1,1,1,1,0,1,1,1,1,0,0,1,0,1,1,881
0,1,0,1,1,0,0,1,0,1,1,0,1,0,0,0,883
0,1,1,1,1,0,0,0,0,1,1,0,1,0,0,0,884
1,1,1,1,1,0,0,1,1,1,1,1,1,0,1,0,885
1,1,0,1,1,0,0,0,0,1,1,0,1,0,0,0,886
0,0,0,1,0,0,0,0,0,0,0,0,0,1,0,1,887
0,0,1,1,1,0,0,1,0,0,0,1,1,0,0,1,888
1,1,1,0,0,0,1,1,0,1,1,1,0,1,1,0,889
0,1,0,1,1,0,1,0,0,1,1,0,0,1,1,0,890
0,1,0,0,1,0,0,1,0,1,1,1,0,0,1,0,891
1,1,1,1,1,0,0,0,1,1,1,1,1,1,1,0,892
0,1,1,1,0,0,1,1,0,1,1,1,0,1,1,0,893
1,0,1,0,0,0,0,0,1,0,0,0,0,1,0,1,894
0,0,0,1,0,0,0,1,0,0,1,0,1,1,0,0,895
1,1,1,1,1,0,0,1,1,1,1,1,1,1,0,0,896
0,0,0,0,0,0,0,1,0,0,0,0,0,1,0,1,897
0,0,0,1,1,0,0,0,0,0,0,1,1,1,1,1,898
0,1,1,0,0,0,1,1,0,0,1,1,1,1,1,0,899
0,0,0,0,0,0,0,0,0,0,0,1,0,1,0,1,900
1,1,0,1,1,0,1,0,0,1,1,0,0,1,0,0,901
1,0,1,0,0,0,0,0,0,0,0,0,0,0,1,1,902
1,1,0,1,0,0,1,1,0,1,1,1,0,1,1,0,903
0,1,1,0,1,0,0,0,0,1,1,1,0,0,1,0,904
1,1,1,0,1,0,1,1,1,1,0,0,1,1,1,1,905
0,1,0,1,1,0,1,0,1,0,1,0,0,1,1,0,906
1,1,0,1,1,0,1,0,1,0,1,0,0,1,0,0,907
0,0,1,1,0,0,0,0,0,0,0,0,0,0,1,1,908
0,1,1,0,1,0,0,1,0,1,1,1,0,0,0,0,909
0,0,0,1,1,0,0,1,0,0,0,1,1,1,0,1,910
0,0,1,0,0,0,0,0,1,0,0,0,0,1,1,1,911
0,1,1,0,0,1,1,1,0,1,1,1,0,1,1,0,912
1,0,0,0,0,0,0,0,1,0,0,0,0,1,1,1,913
1,1,0,1,1,0,1,1,1,1,0,0,1,1,1,1,914
0,1,0,1,0,0,1,1,0,0,1,1,1,1,1,0,916
0,0,0,1,1,0,1,0,0,0,0,1,1,0,1,1,917
0,0,0,1,0,0,0,0,1,0,0,0,0,1,1,1,918
0,1,1,1,1,0,1,1,1,1,0,0,1,1,1,1,919
0,0,0,1,0,0,1,0,0,0,1,0,1,1,0,0,920
0,0,0,0,0,0,0,0,0,0,0,0,1,1,0,1,921
0,0,1,1,0,0,0,0,1,0,0,0,0,1,0,1,922
1,1,0,1,0,0,1,0,0,0,1,1,1,1,1,0,923
1,0,0,1,0,0,0,0,1,0,0,0,0,1,0,1,924
1,1,0,0,1,0,0,1,0,1,1,1,0,0,0,0,925
0,0,0,0,0,0,0,0,1,0,0,0,1,1,1,1,926
0,1,0,1,1,0,1,0,1,1,1,0,0,1,0,0,928
0,1,0,1,1,0,0,0,0,1,1,1,0,0,1,0,929
0,1,0,1,1,0,0,1,0,1,1,1,0,0,0,0,930
1,0,0,1,0,0,0,0,0,0,0,0,0,0,1,1,931
1,0,1,0,0,0,0,0,1,0,1,0,1,0,0,0,932
1,1,0,0,1,0,1,1,1,1,1,1,1,1,1,0,934
1,1,0,1,0,0,1,1,0,0,1,1,1,1,0,0,935
0,1,1,1,0,0,1,0,0,0,1,1,1,1,1,0,936
0,1,1,1,0,0,1,1,0,0,1,1,1,1,0,0,937
1,1,0,0,0,1,1,1,0,1,1,1,0,1,1,0,938
1,1,1,1,0,0,1,0,0,0,1,1,1,1,0,0,939
0,0,1,0,0,0,0,0,1,0,0,0,0,0,1,1,940
0,1,0,1,0,1,1,1,0,1,1,1,0,1,1,0,941
0,1,0,1,1,0,1,0,0,0,1,0,1,1,1,0,942
1,1,1,1,0,1,1,0,0,1,1,1,0,0,1,0,943
1,1,1,1,1,0,1,1,1,0,1,0,0,1,1,0,945
1,1,1,1,1,0,1,1,1,0,0,0,1,1,1,0,947
0,1,0,0,0,0,1,1,1,0,1,1,1,1,1,0,948
1,1,1,1,0,1,1,1,0,1,1,1,0,0,0,0,950
0,1,1,0,1,0,1,1,1,1,1,1,1,1,1,0,951
1,1,1,0,1,0,1,1,1,0,1,0,1,1,1,0,952
1,1,0,1,1,0,1,0,0,0,1,0,1,1,0,0,953
1,0,0,0,0,0,0,0,1,0,0,0,1,1,0,1,954
1,1,0,1,1,0,1,1,1,0,1,0,1,1,1,0,955
0,0,1,0,0,0,0,0,0,0,0,1,0,0,0,1,956
1,1,0,1,1,0,0,0,0,1,1,1,0,0,0,0,957
0,0,0,0,0,0,1,0,1,0,1,0,1,0,1,0,958
0,0,0,0,0,0,1,1,1,0,1,0,1,0,0,0,959
1,0,0,1,1,0,0,0,0,0,0,1,1,0,1,1,960
0,1,0,1,1,0,1,0,0,1,1,0,1,1,0,0,961
0,0,1,0,0,0,0,0,1,0,0,0,1,1,0,1,962
0,1,1,0,0,0,1,0,1,0,1,1,1,1,1,0,963
0,1,1,0,0,0,1,1,1,0,1,1,1,1,0,0,964
1,1,0,0,0,0,1,0,1,0,1,1,1,1,1,0,965
1,0,0,1,1,0,0,1,0,0,0,1,1,0,0,1,966
0,1,1,1,1,0,1,1,1,0,1,0,1,1,1,0,967
0,1,0,1,1,0,1,1,1,1,1,1,1,1,1,0,968
1,0,0,0,1,0,0,0,0,0,0,1,1,1,1,1,969
1,1,1,0,1,0,1,1,1,1,1,1,0,1,1,0,970
1,1,0,1,1,0,1,1,1,1,1,1,0,1,1,0,971
1,0,0,0,0,0,0,0,0,0,0,1,0,0,0,1,972
0,1,0,0,1,0,0,0,0,1,1,1,1,0,1,0,973
1,1,1,1,1,0,1,0,1,0,1,0,1,1,1,0,974
0,0,0,1,0,0,0,0,1,0,0,0,1,1,0,1,975
0,1,0,0,1,0,0,1,0,1,1,1,1,0,0,0,976
1,1,1,1,1,0,1,1,1,0,1,0,1,0,1,0,977
1,0,0,0,0,0,0,0,1,0,0,0,0,0,1,1,978
1,1,0,0,1,0,0,0,0,1,1,1,1,0,0,0,979
0,0,0,1,0,0,0,0,1,0,0,0,0,0,1,1,980
0,1,0,1,1,0,1,0,1,0,1,0,1,1,0,0,981
1,0,0,1,1,0,1,0,1,0,0,0,1,1,1,1,982
1,1,0,0,0,0,1,1,1,0,1,1,1,1,0,0,983
0,0,0,1,0,0,0,0,0,0,0,1,0,0,0,1,984
1,1,1,1,1,0,1,1,1,0,1,0,1,1,0,0,985
0,1,1,0,1,0,0,0,0,1,1,1,1,0,0,0,986
0,1,1,1,1,0,1,1,1,1,1,1,0,1,1,0,987
1,1,1,0,0,0,1,0,1,0,1,1,1,1,0,0,988
0,0,0,0,0,0,0,0,1,0,1,0,1,1,1,0,989
1,1,1,0,0,1,1,1,0,1,1,1,0,0,1,0,990
0,0,0,0,0,0,0,1,1,0,1,0,1,1,0,0,991
1,1,1,1,1,0,0,1,1,0,1,0,1,1,1,0,992
1,1,1,0,1,1,1,1,1,0,0,0,1,1,1,0,993
0,0,1,1,0,0,0,0,1,0,0,0,0,0,0,1,994
0,1,0,1,0,0,1,0,1,0,1,1,1,1,1,0,995
1,0,0,1,0,0,0,0,1,0,0,0,0,0,0,1,996
0,1,0,1,1,0,0,0,0,1,1,1,1,0,0,0,997
0,1,1,1,0,1,1,1,0,1,1,1,0,0,1,0,998
1,1,1,1,1,0,1,1,1,1,1,1,0,1,0,0,999
1,0,1,0,0,0,0,0,1,0,0,0,0,0,0,1,1000
1,0,0,1,1,0,1,0,1,1,0,0,0,1,1,1,1001
1,1,0,1,1,1,1,1,1,0,0,0,1,1,1,0,1003
0,1,1,1,0,0,1,0,1,0,1,1,1,1,0,0,1006
1,0,0,1,1,0,1,0,1,1,0,0,1,1,0,1,1007
0,1,0,0,1,0,0,0,1,1,1,1,0,0,1,0,1009
1,1,1,1,1,0,1,1,1,1,0,1,0,1,1,0,1010
0,0,0,0,1,0,0,0,1,0,0,0,0,1,1,1,1011
1,1,0,1,0,1,1,1,0,1,1,1,0,0,1,0,1012
0,0,1,0,1,0,0,0,1,0,0,0,0,1,0,1,1013
1,1,1,1,1,1,1,1,1,0,0,0,1,0,1,0,1014
0,0,0,1,0,0,0,0,1,0,1,0,1,0,1,0,1015
0,0,1,0,0,0,1,0,0,0,0,0,0,0,0,1,1016
1,0,0,0,1,0,0,0,1,0,0,0,0,1,0,1,1017
0,1,0,0,1,0,0,1,1,1,1,1,0,0,0,0,1020
0,0,0,1,0,0,0,1,1,0,1,0,1,0,0,0,1021
0,0,1,0,1,0,0,0,0,0,0,1,1,1,1,1,1022
1,1,1,1,1,1,1,0,1,0,0,0,1,1,1,0,1023
1,1,0,1,0,0,1,0,1,0,1,1,1,1,0,0,1024
1,0,1,1,0,0,0,0,0,0,0,0,0,0,0,1,1025
0,0,0,0,1,0,1,0,0,0,0,1,1,1,1,1,1026
0,0,0,1,1,0,0,0,1,0,0,0,0,1,0,1,1027
0,0,0,1,0,0,1,0,1,0,1,0,1,0,0,0,1028
1,0,1,1,1,0,1,1,1,1,1,1,0,1,1,0,1029
1,0,1,0,0,0,0,0,0,0,0,1,1,1,1,1,1030
1,1,1,1,1,0,1,1,1,1,1,0,0,1,1,0,1031
1,0,1,0,0,0,0,0,0,0,0,1,0,0,0,1,1032
1,1,1,1,0,1,1,0,0,1,1,1,0,1,0,0,1033
1,1,1,1,1,1,1,1,1,0,0,0,1,1,0,0,1034
1,1,1,1,1,1,0,1,1,0,0,0,1,1,1,0,1035
1,0,0,0,0,0,1,0,0,0,0,0,0,0,0,1,1036
0,0,0,0,1,0,0,0,1,0,0,0,1,1,0,1,1037
0,0,0,1,0,0,0,0,1,0,1,0,1,1,0,0,1038
0,0,0,1,0,0,1,0,0,0,0,0,0,0,0,1,1039
1,1,1,0,0,1,1,0,0,1,1,1,0,1,1,0,1040
0,0,0,0,0,0,1,0,0,0,0,1,0,0,0,1,1041
1,1,0,0,1,0,0,0,1,1,1,1,0,0,0,0,1042
0,1,1,0,1,0,0,0,1,1,1,1,0,0,0,0,1043
1,0,0,0,0,0,0,0,1,0,1,0,1,0,1,0,1044
0,1,0,1,1,0,0,0,1,1,1,1,0,0,0,0,1045
1,0,0,1,1,0,1,1,1,1,0,0,1,0,0,1,1046
1,0,0,0,1,0,0,0,0,0,0,0,0,0,0,1,1047
1,0,0,1,1,0,0,0,1,1,0,0,1,1,1,1,1048
1,0,1,1,1,0,1,1,1,1,1,0,1,1,1,0,1049
1,0,1,1,0,0,1,1,1,1,1,1,1,1,1,0,1050
1,0,1,1,0,0,1,0,1,0,1,1,0,1,1,0,1051
1,0,0,1,1,0,0,1,1,1,0,0,1,0,1,1,1052
1,0,1,1,0,0,1,1,1,0,1,1,0,1,0,0,1053
0,1,1,1,0,1,1,0,0,1,1,1,0,1,1,0,1054
0,0,0,1,1,0,0,0,0,0,0,0,0,0,0,1,1055
1,0,1,1,1,1,1,1,1,0,0,0,1,1,1,0,1056
1,1,1,1,1,1,1,1,0,0,0,0,1,1,1,0,1057
0,0,0,0,1,0,0,0,0,0,0,0,0,0,1,1,1058
0,1,0,0,0,0,0,0,1,0,0,0,0,1,1,1,1059
0,0,0,1,1,0,0,1,1,1,0,0,1,1,1,1,1060
1,1,0,1,0,1,1,0,0,1,1,1,0,1,1,0,1061
0,1,0,0,1,0,0,0,1,1,1,1,1,0,0,0,1062
0,0,0,0,1,0,0,1,0,0,0,0,0,0,0,1,1063
1,1,0,0,0,0,0,0,1,0,0,0,0,1,0,1,1064
1,0,1,1,0,0,0,1,1,0,1,1,0,1,1,0,1065
1,0,0,0,0,0,1,0,0,0,0,1,1,1,1,1,1066
1,0,0,1,1,0,1,1,1,1,1,1,1,1,1,0,1067
1,1,1,0,0,0,0,1,0,1,1,0,0,0,1,0,1068
0,0,1,1,0,0,0,0,0,0,0,1,0,0,0,1,1069
1,0,1,0,0,0,1,0,0,0,0,1,1,1,0,1,1070
1,0,0,1,0,0,0,0,0,0,0,1,0,0,0,1,1072
1,0,0,1,0,0,1,1,1,0,1,1,0,1,1,0,1073
1,1,1,0,1,1,1,1,0,0,1,0,1,1,1,0,1075
0,1,0,0,1,0,0,0,0,0,0,0,0,0,0,1,1076
0,0,1,0,0,0,0,0,1,0,0,1,0,0,0,1,1078
1,1,0,1,1,1,1,1,0,0,1,0,1,1,1,0,1079
0,1,1,0,0,0,0,0,1,0,0,0,0,1,0,1,1080
1,1,1,1,0,0,1,0,0,1,1,1,0,1,1,0,1082
1,0,1,1,1,0,1,1,1,1,1,1,1,1,0,0,1083
1,0,0,0,0,0,0,0,1,0,0,1,0,0,0,1,1084
0,1,1,1,0,0,0,1,0,1,1,0,0,0,1,0,1085
0,0,1,1,0,0,1,1,1,0,1,1,0,1,1,0,1086
0,1,0,1,0,0,0,0,1,0,0,0,0,1,0,1,1087
1,0,1,1,1,0,1,1,1,1,0,1,1,1,1,0,1088
1,1,1,1,0,0,0,0,0,1,1,0,0,0,1,0,1089
1,0,1,1,1,0,1,1,1,1,1,1,1,0,1,0,1090
0,0,1,0,0,0,0,0,1,0,1,0,1,0,1,0,1091
1,0,1,0,0,0,1,1,1,0,1,1,0,1,1,0,1092
1,0,1,1,1,0,1,0,1,1,1,1,1,1,1,0,1093
1,1,1,1,0,0,1,1,0,1,1,1,0,1,0,0,1094
0,0,1,0,0,0,1,0,0,0,0,1,1,1,1,1,1095
1,0,0,1,1,0,0,1,1,1,0,0,1,1,0,1,1096
0,0,0,1,0,0,0,0,1,0,0,1,0,0,0,1,1097
0,0,0,0,1,0,0,0,1,0,0,0,0,0,0,1,1098
0,0,0,1,0,0,0,0,1,0,0,0,0,0,0,1,1099
1,0,1,1,0,0,1,1,0,0,1,1,0,1,1,0,1100
0,1,0,0,0,0,0,0,1,0,0,0,0,0,0,1,1101
0,0,0,0,0,0,0,0,0,0,0,0,1,0,1,1,1102
1,0,0,0,0,0,0,1,1,0,1,0,0,0,1,0,1103
0,0,0,0,0,0,1,1,0,0,0,1,1,1,1,1,1104
0,1,0,0,0,0,0,0,1,0,0,0,1,1,0,1,1105
1,0,1,0,1,0,0,0,0,0,0,0,0,0,0,1,1107
0,0,1,0,1,0,0,0,0,0,0,0,0,0,1,1,1108
0,0,1,0,0,0,0,1,0,0,0,1,1,1,1,1,1109
0,0,0,1,1,0,1,1,1,1,0,0,1,0,1,1,1110
0,1,0,0,1,0,0,0,1,0,0,0,0,1,0,1,1111
1,0,1,1,1,0,0,1,1,1,1,1,1,1,1,0,1112
0,0,0,1,1,0,1,1,1,1,0,0,1,1,0,1,1114
0,0,1,0,0,0,0,1,1,0,1,0,0,0,1,0,1115
0,0,1,0,0,0,1,1,0,0,0,1,1,1,0,1,1116
1,1,1,1,0,0,0,1,0,1,1,0,0,0,0,0,1117
1,1,1,1,1,1,1,1,0,0,1,0,1,0,1,0,1118
0,0,0,0,0,0,0,0,1,0,0,1,0,1,1,1,1119
1,1,1,1,1,1,1,0,0,0,1,0,1,1,1,0,1120
1,0,1,1,1,0,1,1,1,0,1,1,1,1,1,0,1121
0,0,0,1,0,0,0,0,0,0,0,0,1,0,0,1,1122
1,0,0,0,1,0,0,0,0,0,0,0,0,0,1,1,1123
0,0,1,0,0,0,0,0,1,0,0,1,0,1,0,1,1124
1,1,1,1,0,0,0,1,0,1,1,1,0,1,1,0,1125
1,0,0,0,1,0,0,1,1,1,0,0,1,1,1,1,1126
1,1,0,1,0,0,0,1,0,1,1,0,0,0,1,0,1128
1,1,1,1,0,0,0,1,1,1,1,1,1,1,1,0,1129
1,1,1,1,1,1,0,1,0,0,1,0,1,1,1,0,1130
1,0,1,1,1,1,0,1,1,0,1,1,1,1,1,0,1131
0,1,0,0,0,0,0,0,0,0,0,0,1,0,0,1,1132
1,0,0,0,0,0,0,1,0,0,0,1,1,1,1,1,1133
1,1,0,0,0,0,0,1,0,1,1,0,1,0,1,0,1134
1,0,0,0,0,0,1,0,1,0,1,0,0,0,1,0,1135
1,0,0,0,1,0,1,1,1,1,0,0,1,0,1,1,1136
1,0,0,0,0,0,1,1,0,0,0,1,1,1,0,1,1137
0,0,1,0,0,0,1,0,1,0,1,0,0,0,1,0,1138
1,0,1,0,0,0,1,1,0,0,1,1,1,1,1,0,1139
1,1,1,1,0,1,0,1,1,0,1,1,1,1,1,0,1140
1,1,1,1,0,0,1,1,0,0,1,1,0,1,1,0,1141
1,1,1,1,0,0,1,1,0,1,0,1,0,1,1,0,1142
1,1,1,1,1,1,1,0,1,0,1,0,1,0,1,0,1143
0,0,0,0,0,0,0,0,1,0,0,0,1,0,0,1,1144
0,0,1,1,1,0,0,0,0,0,0,0,0,0,0,1,1146
0,0,0,0,1,0,1,0,0,0,0,0,0,0,0,1,1148
0,0,1,1,0,0,1,1,0,0,1,1,1,1,1,0,1149
1,0,0,0,0,0,0,0,1,0,0,1,0,1,0,1,1150
1,0,1,1,0,0,1,0,0,0,1,1,1,1,1,0,1151
1,1,1,1,0,1,0,1,1,1,1,1,1,0,1,0,1152
1,1,1,1,0,0,1,1,0,0,0,1,1,1,1,0,1153
1,0,1,0,0,0,0,1,0,0,0,1,1,1,0,1,1154
1,0,0,0,0,0,1,1,1,0,1,0,0,0,0,0,1155
0,0,1,1,0,0,1,0,1,0,1,0,0,0,0,0,1158
1,0,0,1,1,0,0,0,0,0,0,0,0,0,0,1,1160
1,0,0,1,0,0,1,0,1,0,1,0,0,0,0,0,1161
1,0,0,0,1,0,1,0,1,1,0,0,1,1,1,1,1162
1,1,1,1,1,1,1,1,1,0,1,0,1,0,0,0,1163
1,1,1,1,0,0,0,1,0,1,0,1,1,1,1,0,1164
0,0,0,0,0,0,1,0,0,0,0,0,1,0,0,1,1165
1,1,1,0,0,0,0,1,0,1,1,0,1,0,0,0,1166
1,1,1,1,0,1,0,0,1,1,1,1,1,1,1,0,1167
1,0,1,0,0,0,1,0,1,0,1,0,0,0,0,0,1169
1,1,1,1,1,1,0,0,1,0,1,0,1,1,1,0,1170
1,1,1,1,1,1,1,0,1,0,1,0,1,1,0,0,1171
1,1,1,1,0,1,0,1,1,1,1,1,1,1,0,0,1172
0,0,0,1,0,0,1,0,0,0,0,1,1,1,1,1,1173
1,1,1,0,1,1,1,0,1,0,1,0,1,1,1,0,1174
1,1,1,1,0,0,1,1,0,1,0,1,1,0,1,0,1175
1,1,1,1,0,0,1,0,0,1,0,1,1,1,1,0,1176
0,0,0,1,1,0,0,0,0,0,0,0,0,0,1,1,1177
1,0,0,1,0,0,1,0,0,0,0,1,1,1,0,1,1178
0,0,0,0,1,0,0,0,1,0,0,1,0,1,0,1,1180
0,0,0,0,1,0,1,1,1,1,0,0,1,1,1,1,1181
1,1,1,1,0,0,1,1,1,1,1,0,1,1,1,0,1182
1,0,1,1,1,1,0,1,1,1,0,1,1,1,1,0,1183
1,1,1,1,0,0,1,1,0,1,0,1,1,1,0,0,1184
1,0,1,1,1,1,0,1,1,1,1,1,1,0,1,0,1185
0,1,1,1,1,1,1,0,1,0,1,0,1,1,1,0,1186
1,1,1,0,1,1,0,1,1,0,1,0,1,1,1,0,1187
1,0,1,0,0,0,0,0,0,1,0,0,0,1,0,1,1188
1,0,1,1,1,1,0,0,1,1,1,1,1,1,1,0,1189
0,0,1,0,1,0,0,0,1,0,0,0,0,0,0,1,1190
1,1,1,1,0,0,0,1,0,0,1,1,1,1,1,0,1191
1,0,1,0,1,0,0,1,1,1,0,0,1,0,1,1,1193
0,0,1,0,1,0,0,1,1,1,0,0,1,1,1,1,1194
1,1,1,1,0,0,1,1,0,0,1,1,1,0,1,0,1195
1,0,1,1,0,0,1,1,0,0,1,1,1,1,0,0,1196
0,0,0,0,0,0,1,1,1,0,1,0,0,0,1,0,1197
0,0,1,1,0,0,1,0,0,0,0,1,1,1,0,1,1198
1,0,0,1,0,0,1,1,0,0,1,1,1,1,1,0,1199
0,0,0,0,0,0,1,0,0,1,0,1,1,1,1,1,1200
0,0,0,1,0,0,1,0,1,0,1,0,0,0,1,0,1201
1,1,1,1,0,0,1,0,0,0,1,1,1,1,1,0,1202
1,1,0,1,1,1,0,1,1,0,1,0,1,1,1,0,1203
0,0,1,0,0,0,1,0,0,1,0,1,1,1,0,1,1204
1,1,1,1,1,1,0,1,0,0,1,1,1,1,1,0,1205
0,1,1,0,0,0,0,1,0,1,1,0,1,0,1,0,1206
1,1,1,1,0,0,1,1,0,0,1,1,1,1,0,0,1207
1,0,0,0,0,0,1,1,1,0,1,1,1,1,1,0,1208
1,0,1,0,1,0,0,0,1,1,0,0,1,1,1,1,1209
1,0,1,0,0,0,1,0,1,0,1,1,1,1,1,0,1210
1,0,0,0,0,0,1,0,0,1,0,1,1,1,0,1,1211
1,1,1,1,0,1,1,1,1,0,0,1,1,1,1,0,1212
1,0,1,0,0,0,1,1,1,0,1,1,1,1,0,0,1213
1,0,0,0,1,0,0,0,1,0,0,0,0,0,0,1,1214
0,0,0,1,0,0,1,1,1,0,1,0,0,0,0,0,1215
1,0,1,0,1,0,0,1,1,1,0,0,1,1,0,1,1216
0,0,1,1,0,0,0,0,0,1,0,0,0,1,0,1,1217
1,1,1,1,0,1,1,1,1,0,1,1,1,0,1,0,1218
0,0,0,0,1,0,1,0,1,0,1,0,0,0,1,0,1219
0,1,0,1,0,0,0,1,0,1,1,0,1,0,1,0,1220
0,0,0,1,0,0,1,0,0,1,0,1,1,1,0,1,1221
1,0,1,0,0,0,1,0,0,0,0,1,0,1,1,1,1222
0,1,1,1,1,1,0,1,1,0,1,0,1,1,1,0,1223
0,0,1,0,0,0,1,1,1,0,1,1,1,1,1,0,1225
0,0,0,0,1,0,0,0,1,0,0,0,0,0,1,1,1226
1,0,0,1,0,0,0,0,0,1,0,0,0,1,0,1,1227
0,0,0,0,1,0,1,1,1,0,1,0,0,0,0,0,1228
0,0,0,1,1,0,1,0,1,0,1,0,0,0,0,0,1229
1,1,0,0,1,1,1,1,1,0,1,0,1,1,1,0,1230
0,1,1,1,0,0,0,0,0,1,1,0,1,0,1,0,1231
1,1,1,1,0,1,1,0,1,0,1,1,1,1,1,0,1232
0,0,0,1,1,0,0,0,1,0,0,0,0,0,0,1,1233
1,0,0,0,1,0,1,0,1,0,1,0,0,0,0,0,1234
1,1,1,1,0,1,1,1,1,0,1,1,1,1,0,0,1236
1,1,1,0,1,1,1,1,1,0,1,0,1,1,0,0,1237
1,1,1,1,0,0,0,1,0,1,1,1,1,0,1,0,1238
1,0,0,1,0,0,1,0,0,0,0,1,0,1,1,1,1239
0,0,1,0,1,0,1,0,1,0,1,0,0,0,0,0,1240
1,1,1,1,0,1,1,1,1,1,0,1,1,0,1,0,1241
0,0,0,1,0,0,1,1,1,0,1,1,1,1,1,0,1242
0,1,1,1,0,0,0,1,0,1,1,0,1,0,0,0,1243
0,0,1,1,0,0,1,0,0,0,0,1,0,1,1,1,1244
1,0,0,1,0,0,1,0,1,0,1,1,1,1,1,0,1245
1,1,0,1,0,0,0,0,0,1,1,0,1,0,1,0,1246
0,1,0,0,0,0,1,0,1,0,1,0,0,0,1,0,1247
0,0,1,0,1,0,1,1,1,1,0,0,1,0,1,1,1248
0,1,0,0,0,0,1,1,1,0,1,0,0,0,0,0,1249
1,1,1,1,0,0,0,0,0,1,1,0,1,0,0,0,1251
0,1,0,1,0,0,1,0,1,0,1,0,0,0,0,0,1252
1,0,0,0,1,0,0,0,0,0,0,1,0,0,0,1,1253
1,1,1,1,0,0,0,0,0,1,1,1,1,1,1,0,1254
0,1,1,0,0,0,1,0,1,0,1,0,0,0,0,0,1255
1,1,0,0,0,0,0,1,1,1,1,0,0,0,1,0,1256
1,1,1,1,0,0,0,1,0,1,1,1,1,1,0,0,1257
0,1,1,0,1,1,1,1,1,0,1,0,1,1,1,0,1258
1,0,1,1,0,0,1,0,0,0,0,1,0,1,0,1,1259
1,0,0,0,0,0,1,1,0,0,0,1,0,1,1,1,1260
0,0,0,1,0,0,0,0,0,1,0,0,0,1,1,1,1261
0,0,1,0,0,0,0,0,0,1,0,0,0,1,1,1,1262
1,1,0,1,1,1,1,1,1,0,1,0,1,1,0,0,1263
1,0,0,0,0,0,0,0,0,1,0,0,0,1,1,1,1264
1,1,1,1,0,1,1,0,1,1,0,1,1,1,1,0,1265
1,0,0,1,0,0,1,1,1,0,1,1,1,1,0,0,1266
1,1,1,0,0,0,0,0,1,1,1,0,0,0,1,0,1267
0,1,0,1,1,1,1,1,1,0,1,0,1,1,1,0,1268
0,1,1,1,1,1,1,1,1,0,1,0,1,1,0,0,1269
0,0,0,0,1,0,0,0,0,0,0,1,0,0,1,1,1270
1,0,1,0,1,0,1,0,1,1,0,0,1,0,1,1,1271
1,1,0,0,0,0,1,0,1,0,1,0,0,0,0,0,1272
1,0,1,0,0,0,1,1,0,0,0,1,0,1,0,1,1273
0,0,0,0,0,0,0,0,0,1,0,0,1,1,1,1,1274
1,1,1,1,0,1,1,1,1,1,0,1,1,1,0,0,1275
0,0,0,1,1,0,0,0,0,0,0,1,0,0,0,1,1276
1,0,1,0,1,0,1,1,1,1,0,0,1,0,0,1,1277
1,1,1,0,0,0,0,1,1,1,1,0,0,0,0,0,1278
1,1,1,1,0,0,1,0,0,1,1,1,1,0,1,0,1279
1,1,1,1,0,0,1,1,0,1,1,1,1,0,0,0,1280
1,1,1,1,0,0,1,1,0,1,1,1,1,1,1,0,1282
1,1,1,0,1,1,1,1,1,0,1,0,1,0,1,0,1283
0,0,0,0,1,0,0,0,1,0,0,1,0,0,0,1,1284
1,1,1,0,0,0,0,0,0,0,0,0,0,0,0,1,1285
1,1,1,0,0,0,1,1,1,1,1,1,1,1,1,0,1287
0,0,1,1,0,0,1,0,1,0,1,1,1,1,1,0,1288
0,1,1,0,0,0,0,0,0,0,0,0,0,0,1,1,1289
1,1,1,1,0,0,1,1,0,1,0,1,0,1,1,1,1290
0,1,0,0,1,0,1,0,1,0,1,0,0,0,0,0,1291
0,0,1,1,0,0,1,1,1,0,1,1,1,1,0,0,1292
0,1,1,1,0,0,1,1,1,1,1,1,1,1,1,0,1293
1,1,0,1,0,0,1,1,1,1,1,1,1,1,1,0,1294
1,1,0,1,1,1,1,1,1,0,1,0,1,0,1,0,1295
1,1,1,1,0,0,1,1,0,1,0,1,1,0,1,1,1296
0,0,1,0,1,0,1,0,1,1,0,0,1,1,1,1,1297
0,0,1,0,1,0,1,1,1,1,0,0,1,1,0,1,1298
1,0,1,1,0,0,1,0,1,0,1,1,1,1,0,0,1299
0,0,0,0,0,1,1,0,1,0,1,0,0,0,1,0,1300
0,1,0,1,0,0,0,1,1,1,1,0,0,0,1,0,1301
1,0,0,0,0,1,1,0,1,0,1,0,0,0,0,0,1302
0,1,1,1,1,1,1,1,1,0,1,0,1,0,1,0,1303
1,0,1,0,1,0,1,0,1,1,0,0,1,1,0,1,1304
1,1,0,0,0,0,0,0,0,0,0,0,0,0,1,1,1305
0,0,1,0,0,1,1,0,1,0,1,0,0,0,0,0,1306
0,0,1,0,0,0,1,1,0,0,0,1,0,1,1,1,1307
1,1,1,1,1,0,1,1,0,1,1,0,1,1,1,0,1308
1,0,1,1,1,0,0,0,1,1,0,0,1,0,1,1,1309
0,0,0,0,0,1,1,1,1,0,1,0,0,0,0,0,1310
1,1,1,1,0,0,1,0,0,1,0,1,1,1,1,1,1311
0,0,0,1,0,1,1,0,1,0,1,0,0,0,0,0,1312
0,1,1,1,0,0,0,0,1,1,1,0,0,0,1,0,1313
0,1,0,1,0,0,0,0,0,0,0,0,0,0,1,1,1314
1,0,1,1,1,0,0,1,1,1,0,0,1,0,0,1,1315
1,1,1,1,0,0,1,1,0,1,0,1,1,1,0,1,1316
0,0,1,1,1,0,0,1,1,1,0,0,1,0,1,1,1317
0,1,1,1,0,0,0,0,0,0,0,0,0,0,0,1,1319
1,0,1,1,0,0,1,1,1,0,1,0,0,1,1,0,1320
1,1,0,1,0,0,1,1,0,1,0,1,1,1,1,1,1321
0,1,1,1,0,0,0,1,1,1,1,0,0,0,0,0,1322
0,0,0,1,0,0,1,1,0,0,0,1,0,1,1,1,1323
1,1,1,0,1,0,1,1,1,1,1,0,1,1,1,0,1324
1,0,1,1,0,0,1,1,0,0,1,0,1,1,1,0,1325
0,1,1,1,0,0,1,1,0,1,0,1,1,1,1,1,1326
1,1,1,1,1,1,1,1,1,0,0,0,0,1,1,0,1327
0,1,1,1,1,0,1,1,1,1,1,0,1,1,1,0,1328
0,0,1,1,0,0,1,1,0,0,0,1,0,1,0,1,1329
0,0,1,1,1,0,0,0,1,1,0,0,1,1,1,1,1330
1,1,1,1,0,0,0,1,1,0,0,1,1,0,1,1,1331
0,0,1,1,1,0,0,1,1,1,0,0,1,1,0,1,1332
1,0,0,1,0,0,1,1,0,0,0,1,0,1,0,1,1333
1,1,1,1,1,0,0,1,1,0,0,0,1,0,1,1,1334
0,1,0,0,0,0,0,0,1,0,0,0,0,0,1,1,1335
1,1,0,1,0,0,0,0,1,1,1,0,0,0,1,0,1336
1,1,0,1,1,0,1,1,1,1,1,0,1,1,1,0,1337
0,1,1,0,0,0,0,0,1,0,0,0,0,0,0,1,1338
0,0,0,0,0,0,1,1,0,1,0,1,0,1,1,1,1339
1,1,1,0,0,0,1,1,0,1,0,1,1,1,1,1,1340
0,1,1,0,0,0,1,1,1,1,0,1,1,1,1,1,1342
1,1,1,1,0,0,0,0,1,1,1,0,0,0,0,0,1343
0,1,0,0,0,0,0,1,1,1,1,0,1,0,1,0,1344
1,1,0,0,0,0,1,1,1,1,0,1,1,1,1,1,1345
1,1,0,0,0,0,0,0,1,0,0,0,0,0,0,1,1346
0,0,0,0,1,1,1,0,1,0,1,0,0,0,0,0,1347
0,1,1,0,0,0,0,0,1,1,1,0,1,0,1,0,1348
1,1,1,1,1,1,1,1,0,0,1,0,0,1,1,0,1349
0,1,0,0,0,1,1,0,1,0,1,0,0,0,0,0,1350
0,1,0,0,0,1,0,0,1,0,1,0,0,0,1,0,1351
1,1,1,0,0,0,1,1,1,1,0,1,1,0,1,1,1352
1,0,1,1,1,0,1,1,0,1,1,1,1,1,1,0,1353
0,0,1,0,0,0,0,0,0,1,0,0,1,1,0,1,1354
0,1,1,0,0,0,0,1,1,1,1,0,1,0,0,0,1355
1,0,1,1,1,0,0,1,1,0,0,1,1,0,1,1,1356
0,1,0,1,0,0,0,0,1,0,0,0,0,0,0,1,1357
1,1,1,1,1,0,1,1,0,1,1,1,0,1,1,0,1358
0,1,0,0,0,0,0,0,0,0,0,1,0,0,1,1,1359
1,1,1,0,0,0,1,0,1,1,0,1,1,1,1,1,1360
1,1,1,0,1,0,1,1,0,1,1,1,1,1,1,0,1361
1,1,0,0,0,0,0,0,1,1,1,0,1,0,1,0,1362
0,1,1,0,0,0,0,0,0,0,0,1,0,0,0,1,1363
1,1,1,0,1,1,1,1,1,0,1,0,0,1,1,0,1364
1,1,1,0,0,0,1,1,1,1,0,1,1,1,0,1,1365
1,1,1,1,1,0,0,1,1,0,0,1,0,0,1,1,1366
1,1,0,0,0,0,0,0,0,0,0,1,0,0,0,1,1367
1,1,0,1,1,1,1,1,1,0,1,0,0,1,1,0,1368
1,0,1,1,1,0,0,0,1,1,0,0,1,1,0,1,1369
0,0,0,1,0,0,0,0,0,1,0,0,1,1,0,1,1370
1,0,0,0,0,0,1,0,0,1,0,1,0,1,1,1,1371
0,1,0,1,0,0,1,1,1,1,0,1,1,1,1,1,1372
0,1,1,0,0,1,0,0,1,0,1,0,0,0,0,0,1373
0,1,1,1,0,0,1,1,1,1,0,1,1,0,1,1,1374
1,1,0,0,0,1,0,0,1,0,1,0,0,0,0,0,1375
0,1,1,1,1,0,1,1,0,1,1,1,1,1,1,0,1376
0,1,1,1,1,1,1,1,1,0,1,0,0,1,1,0,1377
1,1,1,1,1,0,0,1,0,0,0,1,1,0,1,1,1378
1,1,0,0,0,0,0,1,1,1,1,0,1,0,0,0,1379
1,1,1,0,1,0,0,1,1,0,0,1,1,0,1,1,1380
0,0,0,0,1,0,0,0,0,1,0,0,0,1,1,1,1381
0,1,1,1,0,0,1,0,1,1,0,1,1,1,1,1,1382
0,1,1,1,0,0,1,1,1,1,0,1,1,1,0,1,1383
1,1,0,1,0,0,1,1,1,1,0,1,1,0,1,1,1384
1,1,0,1,0,0,1,0,1,1,0,1,1,1,1,1,1385
1,1,1,0,0,0,0,0,1,1,1,0,1,0,0,0,1386
1,1,1,1,1,1,1,0,1,0,1,0,0,1,1,0,1387
1,1,0,1,1,0,1,1,0,1,1,1,1,1,1,0,1388
0,1,1,1,1,0,0,1,1,0,0,1,1,0,1,1,1389
1,1,1,1,1,1,1,1,1,0,1,0,0,1,0,0,1390
1,0,0,0,1,0,0,0,0,1,0,0,0,1,0,1,1391
0,1,0,0,0,1,0,1,1,0,1,0,0,0,0,0,1392
0,0,1,1,1,0,1,0,1,1,0,0,1,0,1,1,1393
1,1,0,1,0,0,1,1,1,1,0,1,1,1,0,1,1394
1,1,1,1,1,0,0,0,1,0,0,1,1,0,1,1,1395
0,1,0,1,0,0,0,0,0,0,0,1,0,0,0,1,1396
1,1,1,1,1,1,1,1,1,0,1,0,0,0,1,0,1397
0,1,0,1,0,1,0,0,1,0,1,0,0,0,0,0,1398
0,1,0,1,0,0,0,0,1,1,1,0,1,0,1,0,1399
1,0,0,0,0,0,1,1,0,1,0,1,0,1,0,1,1400
0,1,0,0,0,0,0,0,1,0,0,1,0,0,0,1,1401
1,1,1,1,1,0,0,1,1,0,0,1,1,0,0,1,1402
0,1,0,0,1,0,0,0,0,0,0,0,0,0,1,1,1403
0,0,1,0,0,0,1,0,0,1,0,1,0,1,1,1,1404
0,0,1,1,1,0,1,1,1,1,0,0,1,0,0,1,1405
1,0,1,0,0,0,0,0,0,0,0,0,0,0,1,0,1406
1,0,1,0,0,0,0,0,0,0,1,0,0,0,0,0,1407
1,0,1,1,1,0,1,0,1,1,0,0,1,0,0,1,1408
1,0,1,0,0,0,0,0,0,0,0,0,0,1,0,0,1409
0,1,0,1,0,0,0,1,1,1,1,0,1,0,0,0,1410
1,1,1,1,0,0,1,0,1,1,0,1,1,0,1,1,1411
1,1,0,1,1,0,0,1,1,0,0,1,1,0,1,1,1412
1,1,1,1,0,0,1,0,1,1,0,1,1,1,0,1,1413
0,0,1,0,1,0,0,0,0,1,0,0,0,1,0,1,1414
1,1,1,1,0,1,0,1,1,0,0,0,1,0,1,0,1415
0,0,1,1,1,0,1,0,1,1,0,0,1,1,0,1,1416
1,1,1,1,1,0,0,1,0,1,1,1,1,1,1,0,1417
0,0,1,0,0,0,1,1,0,1,0,1,0,1,0,1,1418
1,1,1,1,1,0,1,1,0,0,1,1,1,1,1,0,1419
1,1,1,1,1,1,0,1,1,0,1,0,0,1,1,0,1420
1,1,1,1,1,0,1,1,0,1,0,1,1,1,1,0,1421
1,0,1,1,0,0,1,1,0,1,0,1,1,1,1,1,1422
1,1,1,1,1,1,0,0,1,0,0,0,1,0,1,0,1423
1,0,0,0,1,0,1,1,1,0,0,0,1,1,1,1,1425
0,0,0,1,1,0,0,0,0,1,0,0,0,1,0,1,1426
0,0,0,0,1,0,0,0,0,1,0,0,1,1,0,1,1427
1,0,1,0,0,0,1,1,1,1,0,1,1,1,1,1,1428
0,0,1,1,0,0,1,1,1,1,0,1,1,1,1,1,1429
1,0,1,0,0,0,1,0,0,1,0,1,0,1,0,1,1432
0,1,1,0,0,0,0,0,0,1,0,0,0,1,0,1,1433
1,1,1,0,1,1,1,1,0,1,0,0,1,1,1,0,1434
0,1,0,0,1,1,0,0,1,0,1,0,0,0,0,0,1435
1,1,1,1,1,1,0,1,1,0,0,0,1,0,0,0,1436
1,1,1,1,1,0,1,1,0,1,1,1,1,0,1,0,1437
1,1,1,0,1,1,0,1,1,0,0,0,1,0,1,0,1438
1,0,0,1,1,0,0,1,1,0,0,0,1,1,1,1,1439
1,0,0,1,0,0,1,1,1,1,0,1,1,1,1,1,1440
0,0,0,1,0,0,1,0,0,1,0,1,0,1,1,1,1441
0,0,0,0,0,0,0,0,0,0,1,0,0,1,1,0,1442
1,0,1,0,0,0,1,0,0,0,0,0,0,0,0,0,1443
0,1,1,1,1,1,0,1,1,0,0,0,1,0,1,0,1444
0,0,0,0,0,0,1,0,0,0,0,0,0,1,1,0,1445
0,0,0,0,0,0,1,1,0,0,0,0,0,0,1,0,1446
1,1,0,1,1,1,1,1,0,1,0,0,1,1,1,0,1447
1,1,0,0,0,0,0,0,0,1,0,0,0,1,0,1,1449
1,0,1,1,0,0,0,1,1,1,0,1,1,1,1,1,1450
0,1,1,1,1,1,1,1,0,1,0,0,1,1,1,0,1451
1,1,1,1,1,1,1,0,0,1,0,0,1,1,1,0,1452
1,1,0,1,1,1,0,1,1,0,0,0,1,0,1,0,1453
0,0,0,1,0,0,1,1,0,1,0,1,0,1,0,1,1454
1,1,0,0,0,0,0,1,0,1,1,1,0,0,1,0,1455
1,0,1,0,0,0,0,0,0,1,0,0,0,0,0,1,1456
1,1,1,1,1,1,1,1,0,1,0,0,1,1,0,0,1457
1,0,1,1,0,0,1,1,1,1,0,1,1,0,1,1,1458
1,1,1,1,1,0,1,0,0,1,1,1,1,1,1,0,1459
1,0,0,1,1,0,1,1,1,0,0,0,1,0,1,1,1460
1,0,1,0,0,1,0,0,1,0,1,0,0,0,0,0,1461
1,0,0,0,0,1,0,0,1,0,1,0,0,0,1,0,1462
1,1,1,0,0,0,0,0,0,1,1,1,0,0,1,0,1463
0,1,0,1,0,0,0,0,0,1,0,0,0,1,0,1,1464
1,1,1,1,1,1,0,1,1,0,0,0,0,0,1,0,1465
0,1,0,0,0,0,0,0,0,1,0,0,1,1,0,1,1466
1,1,1,1,1,1,1,1,0,1,0,0,1,0,1,0,1467
0,1,0,0,1,0,0,0,0,1,0,0,0,1,0,1,1468
1,1,1,0,0,0,0,1,0,1,1,1,0,0,0,0,1469
1,0,1,1,1,1,0,1,1,0,0,0,1,0,1,0,1470
1,1,1,1,1,1,0,1,0,1,0,0,1,1,1,0,1471
0,1,1,0,0,0,0,1,0,1,1,1,0,0,1,0,1472
1,1,1,1,1,0,0,1,1,0,0,0,1,0,1,0,1473
1,0,0,1,1,0,1,1,1,0,0,0,1,1,0,1,1474
0,1,0,1,0,0,0,1,0,1,1,1,0,0,1,0,1475
1,1,1,1,1,1,1,0,0,1,1,0,0,1,1,0,1476
0,0,0,1,1,0,1,1,1,0,0,0,1,1,1,1,1477
0,0,1,1,0,0,1,0,0,1,0,1,0,1,0,1,1478
1,0,1,1,0,0,1,0,1,1,0,1,1,1,1,1,1479
0,0,1,0,0,1,0,0,1,0,1,0,0,0,1,0,1480
1,0,0,1,0,1,0,0,1,0,1,0,0,0,0,0,1482
1,1,1,0,1,1,1,1,0,1,1,0,0,1,1,0,1483
1,1,0,1,1,1,1,1,0,1,1,0,0,1,1,0,1485
0,0,0,1,0,0,0,0,0,1,0,0,0,0,1,1,1486
1,1,1,1,1,0,1,1,0,1,1,1,1,1,0,0,1487
1,1,1,1,1,0,1,1,1,0,1,1,0,1,1,0,1488
0,0,0,0,1,0,1,1,0,0,0,1,0,1,1,1,1489
1,1,1,1,0,0,0,1,1,0,0,1,1,0,1,0,1490
1,1,0,1,0,0,0,0,0,1,1,1,0,0,1,0,1491
1,1,0,1,0,0,0,1,0,1,1,1,0,0,0,0,1493
1,1,1,1,1,0,0,1,1,1,1,1,0,1,1,0,1494
1,1,1,1,1,0,1,1,1,1,1,1,0,0,1,0,1495
0,0,1,1,0,1,0,0,1,0,1,0,0,0,0,0,1496
0,0,0,1,0,1,0,0,1,0,1,0,0,0,1,0,1497
0,1,1,1,0,0,0,0,0,1,1,1,0,0,1,0,1498
1,0,1,0,1,0,0,1,1,0,0,0,1,1,1,1,1499
1,0,1,1,0,0,1,1,1,1,0,1,1,1,0,1,1500
0,0,0,0,1,1,0,0,1,0,1,0,0,0,1,0,1501
1,1,1,0,0,1,0,1,1,0,0,1,1,0,1,0,1502
1,0,1,0,0,0,0,0,0,0,0,0,1,0,0,1,1503
1,1,1,1,0,0,0,1,0,1,0,1,1,1,1,1,1504
1,1,1,1,1,1,1,1,0,1,1,0,0,0,1,0,1505
1,0,0,0,1,0,1,0,0,0,0,1,0,1,1,1,1506
1,0,0,0,1,0,1,1,0,0,0,1,0,1,0,1,1507
1,1,1,1,1,1,1,1,0,1,1,0,0,1,0,0,1508
0,1,1,1,0,1,0,1,1,0,0,1,1,0,1,0,1509
0,0,0,0,0,0,0,0,0,1,0,0,1,0,1,1,1510
1,0,1,0,1,0,1,1,1,0,0,0,1,0,1,1,1511
0,0,1,0,1,1,0,0,1,0,1,0,0,0,0,0,1512
1,0,1,0,1,0,1,0,1,0,0,0,1,1,1,1,1513
1,0,1,0,1,0,1,1,1,0,0,0,1,1,0,1,1514
1,1,1,1,1,1,0,1,0,1,1,0,0,1,1,0,1515
1,0,0,0,0,0,0,0,0,1,0,1,0,1,0,1,1516
1,1,1,0,1,1,1,0,0,1,1,0,1,1,1,0,1517
0,1,1,1,0,0,0,1,0,1,1,1,0,0,0,0,1518
0,0,0,1,0,0,0,0,0,0,0,0,1,0,1,1,1519
1,1,0,1,0,1,0,1,1,0,0,1,1,0,1,0,1520
1,1,1,1,0,0,0,0,0,1,1,1,0,0,0,0,1521
0,0,1,0,0,0,0,0,0,1,0,1,0,1,0,1,1522
1,1,1,0,0,0,0,1,1,1,0,1,1,1,1,1,1523
1,1,0,1,1,1,1,0,0,1,1,0,1,1,1,0,1524
0,0,0,1,0,0,0,0,0,1,0,0,1,0,0,1,1526
0,0,1,0,1,0,1,1,1,0,0,0,1,1,1,1,1527
0,1,1,1,0,0,0,1,1,1,0,1,1,1,1,1,1528
1,1,0,0,0,0,0,0,0,1,1,1,1,0,1,0,1529
1,1,0,1,0,0,0,1,1,1,0,1,1,1,1,1,1530
0,0,1,0,1,0,1,0,0,0,0,1,0,1,1,1,1531
0,0,0,1,0,0,0,0,0,1,0,1,0,1,0,1,1532
0,0,1,0,0,0,0,0,0,1,0,0,0,0,1,1,1534
0,0,1,0,1,0,1,1,0,0,0,1,0,1,0,1,1535
1,1,1,1,0,0,0,1,1,1,0,1,1,0,1,1,1536
1,1,0,0,0,0,0,1,0,1,1,1,1,0,0,0,1537
0,0,0,0,0,1,0,1,1,0,1,0,0,0,1,0,1539
1,1,1,1,0,1,0,0,1,0,0,1,1,0,1,0,1540
1,1,1,1,0,1,0,1,1,0,0,1,1,0,0,0,1542
0,0,0,0,0,0,0,0,0,1,0,1,1,1,0,1,1544
0,1,1,0,0,0,0,1,0,1,1,1,1,0,0,0,1545
1,1,1,1,0,0,0,0,1,1,0,1,1,1,1,1,1546
1,1,1,1,1,0,1,0,1,1,1,1,0,1,1,0,1547
1,1,1,0,0,0,0,0,0,1,1,1,1,0,0,0,1548
1,1,1,0,1,0,1,1,1,0,1,1,1,1,1,0,1549
0,1,1,1,1,1,1,0,0,1,1,0,1,1,1,0,1550
0,0,1,1,1,0,1,0,0,0,0,1,0,1,0,1,1551
0,0,0,0,1,0,0,0,0,1,0,1,0,1,0,1,1552
0,1,1,1,1,0,1,1,1,0,1,1,1,1,1,0,1553
0,1,0,1,0,0,0,0,0,1,1,1,1,0,1,0,1554
1,1,1,1,0,0,0,1,1,1,0,1,1,1,0,1,1555
1,1,1,0,1,0,0,1,1,0,0,1,1,0,1,0,1556
1,1,0,1,1,0,1,1,1,0,1,1,1,1,1,0,1557
1,0,0,0,0,1,0,1,1,0,1,0,0,0,0,0,1558
0,1,0,0,0,0,0,0,0,1,0,1,0,1,0,1,1559
1,0,1,1,0,0,1,1,1,1,0,0,1,1,1,1,1560
0,1,0,1,0,0,0,1,0,1,1,1,1,0,0,0,1561
0,1,1,1,1,0,0,1,1,0,0,1,1,0,1,0,1562
1,1,1,1,1,1,1,0,0,1,1,0,1,0,1,0,1563
1,0,1,1,1,0,0,1,1,0,0,0,1,0,1,1,1564
0,1,1,1,0,0,0,0,0,1,1,1,1,0,0,0,1565
1,0,0,0,0,0,0,0,0,1,0,0,0,0,1,1,1566
1,1,0,1,0,0,0,0,0,1,1,1,1,0,0,0,1567
1,0,0,1,0,1,1,1,0,0,1,0,0,1,1,0,1568
0,0,1,1,0,0,0,0,0,1,0,0,0,0,0,1,1570
0,1,0,0,0,0,0,1,1,1,1,1,0,0,1,0,1571
1,1,1,1,1,1,1,0,0,1,1,0,1,1,0,0,1572
1,1,0,1,1,0,0,1,1,0,0,1,1,0,1,0,1573
1,1,0,0,1,1,1,1,0,1,1,0,1,1,1,0,1574
0,0,0,1,1,0,1,0,0,0,0,1,0,1,1,1,1575
1,0,0,1,0,0,0,0,0,1,0,0,0,0,0,1,1576
1,0,1,0,1,0,1,1,1,1,0,0,1,1,1,1,1577
0,0,0,1,1,0,1,1,0,0,0,1,0,1,0,1,1578
1,0,0,1,1,0,1,0,0,0,0,1,0,1,0,1,1579
0,0,1,1,1,0,1,1,1,1,0,0,1,1,1,1,1580
1,1,1,0,1,0,0,1,1,1,1,1,1,1,1,0,1581
1,1,1,1,1,0,0,1,1,0,0,1,1,0,0,0,1582
1,1,0,0,0,0,0,0,1,1,1,1,0,0,1,0,1584
0,0,0,0,1,0,1,0,0,1,0,1,0,1,1,1,1585
1,0,0,0,0,0,0,0,1,1,0,0,0,1,0,1,1586
0,1,1,1,1,0,0,1,1,1,1,1,1,1,1,0,1587
0,1,1,0,0,0,0,0,1,1,1,1,0,0,1,0,1589
1,1,1,1,0,0,0,1,1,0,0,0,0,1,1,0,1590
1,0,0,1,1,0,1,1,1,1,0,0,1,1,1,1,1591
0,0,1,0,0,0,0,0,1,1,0,0,0,1,0,1,1592
0,0,0,0,1,0,1,1,0,1,0,1,0,1,0,1,1593
1,1,0,1,1,0,0,1,1,1,1,1,1,1,1,0,1594
0,0,1,0,0,0,0,0,0,0,0,0,1,0,1,1,1595
0,1,1,0,0,0,0,1,1,1,1,1,0,0,0,0,1596
1,1,1,0,0,0,0,0,1,1,1,1,0,0,0,0,1597
1,1,1,0,1,0,1,1,1,1,0,1,1,1,1,0,1598
0,0,0,1,0,0,0,0,1,1,0,0,0,1,0,1,1599
1,0,1,1,1,0,0,1,1,1,0,0,1,1,1,1,1600
1,0,1,1,1,0,1,1,1,1,0,0,1,0,1,1,1601
1,0,1,1,1,0,1,0,1,1,0,0,1,1,1,1,1602
0,0,1,0,0,1,0,1,1,0,1,0,0,0,0,0,1603
1,0,0,0,0,0,0,0,0,0,0,0,1,0,1,1,1604
0,1,1,1,1,0,1,1,1,1,0,1,1,1,1,0,1605
1,0,1,1,1,0,1,1,1,1,0,0,1,1,0,1,1606
0,0,1,0,0,0,0,0,0,1,0,0,1,0,0,1,1607
0,0,1,0,1,0,1,0,0,1,0,1,0,1,0,1,1608
0,1,1,0,1,1,1,1,0,1,1,0,1,1,1,0,1609
0,0,0,0,0,0,0,0,1,1,0,0,1,1,0,1,1610
0,0,0,1,0,1,0,1,1,0,1,0,0,0,0,0,1611
1,0,0,0,1,0,1,0,0,1,0,1,0,1,0,1,1612
0,1,0,1,1,1,1,1,0,1,1,0,1,1,1,0,1613
1,0,0,0,0,0,0,0,0,1,0,0,1,0,0,1,1614
1,1,0,1,1,0,1,1,1,1,0,1,1,1,1,0,1615
1,1,1,1,1,0,0,0,1,0,0,1,1,0,1,0,1616
0,0,1,0,1,0,1,1,1,1,0,1,1,1,1,1,1617
0,0,0,0,1,1,0,1,1,0,1,0,0,0,0,0,1618
0,1,0,1,0,0,0,0,1,1,1,1,0,0,1,0,1619
1,1,0,1,1,1,0,1,0,1,1,0,1,1,1,0,1620
0,0,0,1,1,0,1,0,0,1,0,1,0,1,0,1,1621
0,0,0,1,0,0,1,1,0,0,0,1,1,1,0,1,1622
0,1,0,1,0,0,0,1,1,1,1,1,0,0,0,0,1623
0,0,0,0,0,0,1,1,0,1,0,1,1,1,0,1,1624
1,1,0,1,1,1,1,1,0,1,1,0,1,1,0,0,1625
0,0,0,0,1,0,1,1,0,0,0,1,1,1,0,1,1626
0,0,0,0,1,0,0,0,1,1,0,0,0,1,0,1,1627
0,0,1,1,0,0,0,0,0,0,0,0,1,0,0,1,1628
1,0,1,0,0,0,0,0,1,0,1,0,0,0,1,0,1629
0,0,0,0,0,0,0,0,1,1,0,1,0,1,0,1,1631
0,1,1,1,0,0,0,0,1,1,1,1,0,0,0,0,1632
1,0,0,1,0,0,0,0,0,0,0,0,1,0,0,1,1633
1,1,1,0,1,0,1,1,1,1,1,1,1,0,1,0,1634
1,0,1,1,0,0,0,0,0,0,0,0,0,0,1,1,1635
0,1,1,1,1,1,0,1,0,1,1,0,1,1,1,0,1636
1,0,1,0,1,0,0,0,0,0,0,0,0,0,1,1,1637
0,1,1,1,1,1,1,1,0,1,1,0,1,1,0,0,1638
1,0,1,1,0,0,0,0,1,0,1,0,0,0,0,0,1639
1,1,1,1,0,0,0,1,0,1,0,0,0,1,1,0,1640
1,1,1,1,0,0,0,0,1,1,0,1,0,1,0,0,1641
0,1,0,0,0,0,1,1,0,0,0,1,0,1,1,1,1642
1,0,0,0,1,0,1,1,1,1,0,1,1,1,1,1,1643
0,0,1,1,1,0,0,0,0,0,0,0,0,0,1,1,1644
1,0,0,1,0,0,0,0,1,0,1,0,0,0,1,0,1645
1,1,1,1,1,1,0,1,0,1,1,0,1,1,0,0,1646
1,0,1,0,1,0,0,1,1,1,0,1,1,1,1,1,1647
1,1,0,1,0,0,0,0,1,1,1,1,0,0,0,0,1648
1,1,1,1,0,0,0,0,1,1,0,1,0,0,1,0,1649
0,1,0,0,0,0,0,0,1,1,1,1,1,0,1,0,1650
1,0,0,1,1,0,0,0,0,0,0,0,0,0,1,1,1651
1,1,1,1,1,1,0,0,1,0,0,1,1,0,0,0,1652
1,1,0,0,0,0,1,0,0,0,0,1,0,1,1,1,1653
1,1,1,0,1,1,0,0,1,0,0,1,1,0,1,0,1654
0,0,1,1,0,0,0,0,1,0,1,0,0,0,1,0,1655
1,1,1,1,0,0,0,1,1,1,0,1,0,0,0,0,1656
0,1,1,1,1,1,0,0,1,0,0,1,1,0,1,0,1657
1,1,0,0,0,0,0,1,1,1,0,1,0,1,1,0,1658
1,1,0,1,1,1,0,0,1,0,0,1,1,0,1,0,1660
1,0,1,1,1,0,0,0,0,0,0,0,0,0,0,1,1661
0,1,1,0,0,0,0,1,1,1,0,1,0,1,1,0,1662
1,1,1,0,1,1,0,1,0,1,1,0,1,1,1,0,1663
1,1,1,1,1,1,0,1,0,0,0,1,0,0,1,0,1664
1,1,0,0,0,0,1,1,0,0,0,1,0,1,0,1,1665
1,1,0,0,0,0,0,0,1,1,1,1,1,0,0,0,1666
1,1,1,1,0,0,1,1,0,0,0,0,1,1,1,1,1668
1,0,1,0,1,0,1,1,1,1,0,1,1,0,1,1,1669
1,0,1,0,1,0,1,0,1,1,0,1,1,1,1,1,1670
1,0,1,0,1,0,1,1,1,1,0,1,1,1,0,1,1671
0,1,1,0,0,0,1,0,0,0,0,1,0,1,1,1,1672
1,0,1,1,0,0,1,1,1,0,0,0,1,1,1,1,1673
0,1,0,1,0,0,0,1,1,1,0,1,0,1,1,0,1674
1,1,1,0,0,0,1,1,1,0,0,0,1,1,1,1,1675
0,1,1,1,0,0,1,1,1,0,0,0,1,1,1,1,1676
1,1,1,0,0,0,0,0,0,0,0,0,0,0,1,1,1678
1,1,0,1,0,0,0,0,0,0,0,0,0,0,1,1,1679
0,1,1,1,0,0,0,0,0,0,0,0,0,0,1,1,1680
0,1,1,0,0,0,1,1,0,0,0,1,0,1,0,1,1681
1,0,1,0,1,0,0,0,1,0,1,0,0,0,0,0,1682
1,1,1,0,1,1,1,1,0,1,1,0,1,1,0,0,1683
1,0,0,0,1,0,0,0,1,0,1,0,0,0,1,0,1684
1,1,0,1,0,0,1,1,1,0,0,0,1,1,1,1,1685
1,1,1,0,1,1,1,1,0,1,1,0,1,0,1,0,1686
1,1,0,1,1,0,1,1,1,1,1,1,1,0,1,0,1687
0,0,1,0,1,0,0,0,1,0,1,0,0,0,1,0,1688
1,1,1,1,0,0,0,0,0,0,0,0,0,0,0,1,1689
0,0,0,1,1,0,0,0,1,0,1,0,0,0,1,0,1690
1,0,0,1,0,0,0,1,1,1,0,1,0,1,1,0,1691
1,1,1,0,0,0,1,0,0,0,0,1,0,1,0,1,1692
0,1,0,1,0,0,1,0,0,0,0,1,0,1,1,1,1693
1,1,1,0,1,0,1,0,1,1,1,1,1,1,1,0,1694
0,1,1,0,1,0,0,0,0,0,0,0,0,0,1,1,1695
0,0,1,1,0,0,0,1,1,1,0,1,0,1,1,0,1697
1,1,1,1,0,0,1,0,1,0,0,0,1,1,1,1,1698
0,0,0,1,0,0,0,0,1,1,0,0,0,0,0,1,1699
0,1,0,1,0,0,1,1,0,0,0,1,0,1,0,1,1700
1,1,1,1,0,0,1,1,1,0,0,0,1,1,0,1,1701
0,1,1,0,0,0,0,0,1,1,1,1,1,0,0,0,1702
0,1,1,1,1,0,1,0,1,1,1,1,1,1,1,0,1703
1,1,1,0,1,0,0,0,0,0,0,0,0,0,0,1,1704
0,0,0,1,1,0,1,1,1,1,0,1,1,1,1,1,1705
1,1,1,1,1,0,1,0,0,0,0,0,1,1,1,1,1706
1,1,0,1,1,1,1,1,0,1,1,0,1,0,1,0,1708
0,1,1,1,1,1,1,1,0,1,1,0,1,0,1,0,1709
1,1,0,1,0,0,1,0,0,0,0,1,0,1,0,1,1710
0,1,0,1,0,0,0,0,1,1,1,1,1,0,0,0,1711
0,1,1,1,0,0,1,0,0,0,0,1,0,1,0,1,1712
1,0,1,1,0,0,0,0,1,1,0,1,0,1,1,0,1713
0,1,0,1,1,0,0,0,0,0,0,0,0,0,1,1,1714
1,0,1,1,0,0,0,1,1,1,0,1,0,0,1,0,1715
1,0,1,1,0,0,0,1,0,1,1,0,0,0,1,0,1716
1,1,0,1,1,0,1,0,1,1,1,1,1,1,1,0,1717
1,0,1,0,0,0,0,1,0,1,1,0,1,0,1,0,1718
1,1,1,1,1,1,0,1,0,1,1,0,1,0,1,0,1719
1,1,1,1,1,0,1,1,0,0,0,0,1,1,0,1,1720
1,1,1,0,1,0,1,1,1,1,1,1,1,1,0,0,1721
0,0,0,0,0,0,0,0,1,0,0,0,1,0,1,1,1722
1,0,1,1,0,0,0,1,1,1,0,1,0,1,0,0,1723
0,0,1,1,1,0,0,1,1,1,0,1,1,1,1,1,1724
1,1,1,1,1,1,1,1,0,1,1,0,1,0,0,0,1725
1,0,1,1,1,0,1,1,0,0,0,0,1,1,1,1,1726
0,1,1,1,1,0,0,0,0,0,0,0,0,0,0,1,1727
1,1,1,0,1,0,1,1,0,0,0,0,1,1,1,1,1728
0,0,0,0,0,0,0,0,1,1,0,0,1,0,0,1,1729
1,1,0,1,1,0,0,0,0,0,0,0,0,0,0,1,1730
0,1,0,0,0,0,1,0,0,1,0,1,0,1,1,1,1731
0,1,0,0,0,0,1,1,0,1,0,1,0,1,0,1,1732
0,1,1,0,0,0,1,0,0,1,0,1,0,1,0,1,1733
1,1,1,1,1,1,1,0,1,1,0,0,0,1,1,0,1734
0,1,1,1,1,0,1,1,0,0,0,0,1,1,1,1,1735
0,0,1,1,1,0,1,1,1,1,0,1,1,0,1,1,1736
1,1,0,1,1,0,1,1,0,0,0,0,1,1,1,1,1737
1,1,1,1,0,0,1,1,1,0,0,1,1,1,1,1,1738
1,0,1,1,1,0,1,0,1,0,0,0,1,1,1,1,1739
1,0,1,1,1,0,1,1,1,0,0,0,1,1,0,1,1740
1,1,1,0,0,0,0,0,1,1,0,1,0,1,1,0,1741
0,1,1,1,1,0,1,1,1,1,1,1,1,1,0,0,1742
1,1,0,0,0,0,1,0,0,1,0,1,0,1,0,1,1743
1,1,0,1,1,0,1,1,1,1,1,1,1,1,0,0,1744
1,1,1,1,0,0,1,1,1,0,1,1,1,1,1,0,1745
0,0,0,1,0,0,0,0,1,0,0,0,1,0,0,1,1746
1,0,1,0,0,0,0,0,0,1,0,0,0,0,1,1,1747
0,0,1,1,1,0,1,0,1,1,0,1,1,1,1,1,1748
0,1,0,1,0,0,1,0,0,1,0,1,0,1,0,1,1749
0,0,1,1,1,0,0,0,1,0,1,0,0,0,0,0,1750
1,0,1,0,1,0,1,1,1,0,0,0,1,1,1,1,1751
1,0,0,1,0,0,0,1,0,1,1,0,1,0,1,0,1752
1,0,1,1,1,1,1,1,0,0,0,1,1,1,1,0,1753
0,0,1,1,1,0,1,1,1,1,0,1,1,1,0,1,1754
1,0,1,1,0,0,0,0,0,1,1,0,1,0,1,0,1755
1,0,0,1,1,0,0,1,1,1,0,1,1,1,1,1,1756
0,0,1,0,0,0,0,0,1,1,0,0,0,0,0,1,1757
1,1,1,1,0,0,1,1,1,1,1,1,1,0,1,0,1758
1,0,1,1,0,0,0,0,0,1,0,0,0,0,0,1,1759
0,0,1,1,0,0,0,0,0,1,0,0,0,0,1,1,1760
1,1,1,0,0,0,0,1,1,1,0,1,0,0,1,0,1762
1,0,1,1,1,0,1,1,1,0,1,0,1,1,1,0,1763
1,0,0,0,0,0,0,0,1,1,0,0,0,0,0,1,1764
0,0,1,1,1,0,1,1,1,0,0,0,1,1,1,1,1765
1,0,1,1,0,0,0,1,0,1,1,0,1,0,0,0,1766
1,1,1,0,0,0,0,1,1,1,0,1,0,1,0,0,1767
1,0,0,1,0,0,0,0,0,1,0,0,0,0,1,1,1768
0,0,1,1,0,0,0,1,0,1,1,0,1,0,1,0,1769
0,1,0,0,1,0,1,0,0,0,0,1,0,1,1,1,1770
1,0,1,0,1,0,0,0,0,1,0,0,0,0,0,1,1771
1,0,0,1,1,0,1,0,1,1,0,1,1,1,1,1,1772
1,0,0,1,1,0,1,1,1,0,0,0,1,1,1,1,1773
0,0,1,0,1,0,0,0,0,1,0,0,0,0,1,1,1774
1,0,0,1,1,0,1,1,1,1,0,1,1,1,0,1,1775
1,0,1,0,0,0,0,1,1,0,1,0,0,0,0,0,1776
1,0,1,1,0,0,1,1,1,1,1,0,1,1,1,0,1777
1,0,1,1,1,0,0,1,1,1,0,1,1,0,1,1,1778
0,0,1,0,0,0,0,0,1,0,0,0,1,0,0,1,1779
1,0,0,0,1,0,0,0,0,1,0,0,0,0,1,1,1780
1,0,0,0,0,0,0,0,1,0,0,0,1,0,0,1,1781
0,0,0,1,0,0,0,1,1,0,1,0,0,0,1,0,1782
1,0,1,0,0,0,0,1,1,1,1,0,0,0,1,0,1783
1,0,0,1,0,0,0,1,1,1,1,0,0,0,1,0,1784
0,0,0,1,1,0,0,0,0,1,0,0,0,0,1,1,1785
1,1,1,1,0,0,1,0,1,1,1,1,1,1,1,0,1786
0,0,1,1,1,0,0,0,0,1,0,0,0,0,0,1,1787
1,0,0,1,0,0,0,1,1,0,1,0,0,0,0,0,1788
0,1,0,0,1,0,1,1,0,0,0,1,0,1,0,1,1789
0,0,0,0,0,0,0,0,0,0,0,1,1,0,1,1,1790
1,0,0,1,1,0,0,0,0,1,0,0,0,0,0,1,1791
1,1,0,1,0,0,0,0,1,1,0,1,0,1,1,0,1792
1,1,1,0,0,0,0,0,0,1,0,0,0,0,0,1,1793
0,1,1,0,1,0,1,0,0,0,0,1,0,1,0,1,1794
1,1,1,0,1,0,1,0,1,0,0,0,1,1,1,1,1795
1,1,0,0,1,0,1,0,0,0,0,1,0,1,0,1,1796
0,0,1,1,0,0,0,1,1,0,1,0,0,0,0,0,1797
0,0,0,0,1,0,0,1,1,0,1,0,0,0,1,0,1799
1,1,0,1,0,0,0,1,1,1,0,1,0,0,1,0,1800
0,1,0,1,1,0,1,0,0,0,0,1,0,1,0,1,1801
1,0,1,1,1,0,1,1,1,1,1,0,0,1,1,0,1802
1,1,0,1,1,0,1,0,1,0,0,0,1,1,1,1,1803
0,1,1,1,1,0,1,0,1,0,0,0,1,1,1,1,1804
1,1,1,1,1,0,1,0,1,0,0,0,1,1,0,1,1805
0,1,0,0,1,0,1,0,0,1,0,1,0,1,0,1,1806
1,1,1,1,0,0,1,1,1,1,1,1,1,1,0,0,1807
1,1,1,0,1,0,1,1,1,0,0,0,1,1,0,1,1808
0,0,1,0,1,0,0,1,1,0,1,0,0,0,0,0,1809
1,0,1,1,1,0,0,0,1,1,0,1,1,1,1,1,1810
1,0,0,0,1,0,0,1,1,0,1,0,0,0,0,0,1811
0,1,1,0,0,0,0,0,0,1,0,0,0,0,1,1,1812
1,1,0,0,0,0,0,0,0,1,0,0,0,0,1,1,1813
1,1,1,1,0,0,1,1,1,1,1,0,0,1,1,0,1814
0,0,0,1,0,0,0,0,0,0,0,1,1,0,0,1,1815
1,0,1,1,1,0,0,1,1,1,0,1,1,1,0,1,1816
1,0,1,1,0,0,0,1,1,1,1,0,0,0,0,0,1818
0,1,0,1,0,0,0,0,0,1,0,0,0,0,1,1,1819
1,1,0,0,1,0,1,1,1,0,0,0,1,1,1,1,1820
0,1,0,0,0,0,1,0,0,0,0,1,1,1,1,1,1821
1,1,1,0,1,0,1,1,1,1,1,0,0,1,1,0,1822
0,0,1,0,0,0,0,0,0,0,0,1,1,0,0,1,1823
0,1,1,1,0,0,0,0,0,1,0,0,0,0,0,1,1824
0,1,0,0,0,0,1,1,0,0,0,1,1,1,0,1,1825
0,1,1,0,1,0,1,1,1,0,0,0,1,1,1,1,1827
0,0,1,1,0,0,0,1,1,1,1,0,0,0,1,0,1828
1,1,0,0,0,0,1,0,0,0,0,1,1,1,0,1,1830
1,1,0,1,1,0,1,1,1,1,1,0,0,1,1,0,1831
0,1,0,1,0,0,1,0,0,0,0,1,1,1,0,1,1832
1,0,0,0,0,0,0,1,1,1,1,0,1,0,1,0,1833
1,1,0,1,0,0,0,0,0,1,0,0,0,0,0,1,1834
1,1,0,0,0,0,0,0,1,0,1,0,0,0,1,0,1835
1,0,0,0,0,0,0,0,0,0,0,1,1,0,0,1,1836
1,1,1,1,1,0,1,1,1,1,0,0,1,1,1,0,1837
1,1,0,1,1,0,1,1,1,0,0,0,1,1,0,1,1839
1,1,0,1,0,0,0,1,1,1,0,1,0,1,0,0,1840
0,1,0,0,0,0,1,0,0,1,0,1,1,1,0,1,1841
0,1,1,1,1,0,1,1,1,0,0,0,1,1,0,1,1842
0,1,0,0,1,0,0,0,0,1,0,0,0,0,1,1,1843
0,1,1,1,0,0,0,0,1,1,0,1,0,1,1,0,1844
0,1,1,1,0,0,0,1,1,1,0,1,0,0,1,0,1845
0,1,1,1,0,0,0,1,1,1,0,1,0,1,0,0,1846
1,1,0,0,1,0,0,0,0,1,0,0,0,0,0,1,1847
1,1,1,0,0,0,0,1,0,1,0,1,0,1,1,0,1848
0,1,0,1,1,0,1,1,1,0,0,0,1,1,1,1,1849
1,1,0,1,0,0,0,1,0,1,0,1,0,1,1,0,1850
0,1,0,0,1,0,1,0,0,0,0,1,1,1,0,1,1852
1,1,1,1,1,0,1,0,1,1,1,0,0,1,1,0,1853
1,1,1,1,1,0,1,1,1,1,1,0,0,1,0,0,1854
0,1,1,1,0,0,0,1,0,1,0,1,0,1,1,0,1855
1,1,1,1,1,0,1,1,1,1,1,0,0,0,1,0,1856
0,0,0,0,0,0,1,1,1,0,0,1,0,1,1,1,1857
1,0,1,1,1,0,1,0,1,1,0,1,1,0,1,1,1858
1,0,1,1,1,0,1,1,1,1,0,1,1,0,0,1,1859
1,0,1,1,1,0,1,0,1,1,0,1,1,1,0,1,1860
1,0,0,0,0,0,1,0,1,0,0,1,0,1,1,1,1862
1,1,1,1,0,0,0,1,0,1,0,1,0,0,1,0,1863
1,1,1,1,1,0,1,1,1,0,1,0,1,1,1,0,1864
1,1,1,1,1,0,0,1,1,1,1,0,0,1,1,0,1865
0,1,1,0,1,0,0,0,0,1,0,0,0,0,0,1,1866
1,0,1,1,0,1,1,1,1,1,1,0,0,1,1,0,1867
1,1,1,1,0,0,0,1,0,1,0,1,0,1,0,0,1868
1,1,1,1,0,0,0,0,0,1,0,1,0,1,1,0,1869
0,1,0,1,1,0,0,0,0,1,0,0,0,0,0,1,1870
1,0,1,0,0,0,0,0,0,0,0,1,0,0,1,1,1871
0,1,1,0,0,0,0,0,1,0,1,0,0,0,1,0,1872
1,0,1,1,0,0,0,0,0,0,0,1,0,0,0,1,1873
1,0,1,1,1,0,1,1,0,0,0,0,1,1,1,0,1874
1,1,1,1,1,0,1,1,1,1,1,0,1,0,1,0,1875
1,1,1,1,1,0,1,0,0,0,0,0,1,1,1,0,1876
0,0,0,0,0,0,0,0,1,0,0,1,1,0,0,1,1878
1,0,1,0,0,0,0,1,1,1,1,0,1,0,0,0,1879
0,0,1,0,0,0,1,0,1,0,0,1,0,1,1,1,1880
1,1,1,1,1,0,1,0,1,1,1,0,1,1,1,0,1881
1,0,1,1,1,0,1,1,0,1,0,0,1,1,1,1,1882
0,0,1,1,0,0,0,0,0,0,0,1,0,0,1,1,1883
1,0,0,1,0,0,0,0,0,0,0,1,0,0,1,1,1884
1,1,1,0,1,0,1,1,0,0,0,0,1,1,1,0,1885
1,0,1,1,1,1,1,0,1,1,1,0,0,1,1,0,1886
1,0,1,0,1,0,0,0,0,0,0,1,0,0,0,1,1887
1,0,1,0,1,0,1,1,0,1,0,1,1,1,1,1,1888
0,0,1,0,0,0,1,1,1,0,0,1,0,1,0,1,1889
0,0,1,1,1,0,1,1,0,1,0,1,1,1,1,1,1890
1,0,0,1,1,0,1,1,0,1,0,1,1,1,1,1,1891
1,0,1,0,0,0,1,0,1,0,0,1,0,1,0,1,1892
1,0,1,1,1,1,1,1,1,1,1,0,0,1,0,0,1893
0,1,1,1,1,0,1,1,0,0,0,0,1,1,1,0,1894
0,0,1,0,0,0,0,1,1,1,1,0,1,0,1,0,1895
1,0,1,1,1,1,1,1,1,1,1,0,0,0,1,0,1896
1,0,1,1,1,0,0,1,0,1,0,1,1,1,1,1,1897
0,1,0,1,0,0,0,0,1,0,1,0,0,0,1,0,1898
1,0,0,0,1,0,0,0,0,0,0,1,0,0,1,1,1900
0,0,0,1,0,0,1,0,1,0,0,1,0,1,1,1,1901
0,0,0,0,1,0,0,0,0,0,0,0,1,0,1,1,1902
1,0,1,1,1,0,1,1,0,1,0,1,1,0,1,1,1903
0,0,0,1,0,0,1,1,1,0,0,1,0,1,0,1,1904
1,0,1,1,1,0,1,0,0,1,0,1,1,1,1,1,1905
0,0,0,0,0,0,0,1,0,0,1,0,0,0,1,0,1907
1,0,1,1,1,1,0,1,1,1,1,0,0,1,1,0,1908
1,0,1,0,1,1,1,1,1,1,1,0,0,1,1,0,1909
1,1,1,1,1,0,1,1,1,1,1,0,1,1,0,0,1910
0,0,1,0,1,0,0,0,0,0,0,1,0,0,1,1,1911
0,0,0,1,1,0,0,0,0,0,0,1,0,0,1,1,1912
1,0,1,1,0,0,0,1,0,1,0,1,0,1,1,0,1913
1,0,0,1,1,1,1,1,1,1,1,0,0,1,1,0,1914
1,0,1,1,1,0,1,1,0,1,0,1,1,1,0,1,1915
0,0,0,0,0,0,1,1,0,0,1,0,0,0,0,0,1916
0,0,1,0,0,0,0,0,0,0,1,0,0,0,1,0,1918
1,0,1,1,1,1,1,1,0,1,1,0,1,1,1,0,1920
1,0,1,1,0,0,1,0,0,1,0,1,0,1,1,0,1921
1,0,0,1,1,0,0,0,0,0,0,1,0,0,0,1,1922
0,0,1,1,0,0,1,0,1,0,0,1,0,1,0,1,1923
1,0,1,1,0,1,1,1,1,1,1,0,1,1,1,0,1924
1,0,1,0,0,0,1,0,1,1,0,1,0,1,1,0,1925
1,0,0,1,0,0,1,0,1,0,0,1,0,1,0,1,1926
0,0,1,1,1,1,1,1,1,1,1,0,0,1,1,0,1927
0,1,0,0,1,0,0,0,1,0,1,0,0,0,1,0,1928
1,0,1,0,0,1,0,1,0,0,1,0,0,0,1,0,1929
1,0,1,1,0,0,0,1,0,0,0,1,0,0,1,0,1930
1,1,0,1,1,0,1,1,0,0,0,0,1,1,1,0,1931
0,0,1,1,0,0,0,0,1,1,1,0,1,0,1,0,1933
1,0,1,1,0,1,0,1,0,0,0,0,0,0,1,0,1935
1,0,0,1,0,0,1,0,1,1,0,1,0,1,1,0,1936
1,0,1,1,1,1,1,1,1,1,1,0,0,1,1,0,1937
0,0,1,0,0,0,0,1,0,0,0,0,0,0,1,0,1938
1,0,1,1,1,1,1,0,0,0,0,0,1,1,1,0,1939
1,0,1,0,0,1,0,1,0,0,0,1,0,0,1,0,1940
0,0,1,1,1,0,0,0,0,0,0,1,0,0,0,1,1941
1,0,1,0,1,1,1,0,1,1,1,0,1,1,1,0,1942
0,0,1,1,0,0,1,0,1,1,0,1,0,1,1,0,1943
0,0,1,1,0,0,0,1,1,1,1,0,1,0,0,0,1944
1,1,1,0,0,0,0,0,0,0,0,1,0,0,0,1,1945
1,0,1,0,1,1,1,1,1,1,1,0,1,1,1,0,1946
0,0,1,1,1,1,1,1,1,1,1,0,1,1,1,0,1947
1,1,1,1,0,0,1,1,0,1,0,0,1,1,1,1,1948
1,1,0,0,1,0,0,0,1,0,1,0,0,0,0,0,1949
1,0,0,1,0,0,0,0,1,1,1,0,1,0,1,0,1950
1,0,0,1,0,0,0,1,1,1,1,0,1,0,0,0,1951
1,0,0,1,0,1,0,1,0,0,0,1,0,0,1,0,1953
0,1,1,0,0,0,0,0,0,0,0,1,0,0,1,1,1954
1,0,0,1,1,1,1,0,1,1,1,0,1,1,1,0,1955
1,0,1,1,0,0,0,0,1,1,1,0,1,0,0,0,1956
1,0,1,1,1,1,0,1,1,1,1,0,1,1,1,0,1957
0,1,1,0,1,0,0,0,1,0,1,0,0,0,0,0,1959
1,0,1,0,0,0,0,1,0,1,1,1,0,0,1,0,1960
0,0,1,1,0,1,0,1,0,0,0,1,0,0,1,0,1961
1,1,1,0,1,0,1,1,0,1,0,0,1,1,1,1,1962
1,1,1,1,1,1,1,1,0,1,1,0,0,1,1,0,1963
0,1,0,1,1,0,0,0,1,0,1,0,0,0,0,0,1964
0,0,1,1,1,1,1,0,1,1,1,0,1,1,1,0,1965
1,0,0,0,0,0,0,1,0,0,0,0,0,0,1,0,1966
0,1,0,0,0,0,0,1,1,0,1,0,0,0,1,0,1967
1,0,1,1,1,1,1,0,1,1,1,0,1,0,1,0,1968
1,0,1,0,1,1,1,1,0,0,0,0,1,1,1,0,1969
1,0,1,1,0,1,0,0,0,0,0,1,0,0,1,0,1970
0,1,1,0,0,0,0,1,1,0,1,0,0,0,0,0,1971
1,0,1,1,0,0,1,1,0,1,0,1,0,0,1,0,1972
1,0,1,1,0,1,0,1,0,0,0,1,0,0,0,0,1973
0,0,1,1,1,1,1,1,0,0,0,0,1,1,1,0,1974
1,1,0,0,0,0,0,1,1,0,1,0,0,0,0,0,1975
0,1,1,1,1,0,1,1,0,1,0,0,1,1,1,1,1976
1,0,1,0,0,0,1,1,1,1,0,1,0,0,1,0,1977
1,1,0,1,1,0,1,1,0,1,0,0,1,1,1,1,1978
1,1,0,0,0,0,0,0,0,0,0,1,0,0,1,1,1979
1,0,1,1,0,0,0,1,0,0,1,0,0,0,1,0,1980
0,1,0,1,0,0,0,0,0,0,0,1,0,0,1,1,1981
1,1,1,0,1,1,1,1,0,1,1,0,1,1,1,0,1983
1,0,0,1,0,0,0,1,0,1,1,1,0,0,1,0,1984
1,0,1,1,1,1,0,0,1,1,1,0,1,1,1,0,1985
1,0,1,1,0,0,0,0,0,1,1,1,0,0,1,0,1986
0,1,1,1,0,0,0,0,0,0,0,1,0,0,0,1,1987
1,1,1,1,1,0,0,1,0,1,0,0,1,1,1,1,1988
1,0,0,1,0,0,1,1,1,1,0,1,0,0,1,0,1989
0,1,1,1,1,1,1,1,0,1,1,0,1,1,1,0,1990
1,1,1,1,1,0,1,1,0,1,0,0,1,0,1,1,1991
1,0,1,1,0,0,0,1,0,1,1,1,0,0,0,0,1992
1,1,1,1,1,0,1,0,0,1,0,0,1,1,1,1,1993
1,0,1,0,0,0,0,1,0,0,1,1,0,0,1,0,1994
1,1,0,1,1,1,1,1,0,1,1,0,1,1,1,0,1995
1,0,0,1,0,0,0,1,0,0,1,1,0,0,1,0,1996
0,0,1,0,0,0,0,1,0,0,1,0,0,0,0,0,1997
0,0,1,1,0,0,0,1,0,1,1,1,0,0,1,0,1998
1,1,1,1,1,1,1,1,0,1,0,0,1,1,1,0,1999
0,0,1,1,0,0,1,1,1,1,0,1,0,0,1,0,2000
0,1,0,1,0,0,0,1,1,0,1,0,0,0,0,0,2001
1,0,1,1,1,1,1,0,1,1,1,0,1,1,0,0,2002
1,0,1,1,0,0,1,1,1,1,0,1,0,0,0,0,2003
1,0,0,1,1,1,1,1,0,0,0,0,1,1,1,0,2004
1,0,0,0,0,0,0,1,0,0,1,0,0,0,0,0,2006
0,0,1,1,0,0,0,1,0,0,1,1,0,0,1,0,2007
1,1,1,1,1,0,1,1,0,1,0,0,1,1,0,1,2008
0,1,0,0,1,0,0,0,0,0,0,1,0,0,1,1,2009
0,1,0,0,1,0,0,1,1,0,1,0,0,0,0,0,2010
1,0,1,0,1,1,1,1,1,1,1,0,1,0,1,0,2011
1,0,1,1,0,0,1,1,0,1,0,1,0,1,0,0,2012
1,1,1,1,1,1,0,1,0,1,1,0,1,1,1,0,2013
1,1,0,0,1,0,0,0,0,0,0,1,0,0,0,1,2014
0,1,1,0,1,0,1,1,0,1,0,1,1,1,1,1,2015
1,1,1,1,1,1,1,0,0,0,0,0,1,1,0,0,2016
1,0,1,1,0,0,0,0,0,0,1,1,0,0,1,0,2017
1,0,0,1,1,1,1,1,1,1,1,0,1,0,1,0,2018
0,1,1,0,1,0,0,0,0,0,0,1,0,0,0,1,2019
0,0,1,1,1,1,1,1,1,1,1,0,1,0,1,0,2020
1,1,1,0,1,1,1,0,0,0,0,0,1,1,1,0,2021
1,0,1,0,0,0,0,0,1,0,1,1,0,0,0,0,2022
1,0,1,1,1,1,0,1,1,1,1,0,1,0,1,0,2023
1,0,0,0,0,0,0,1,0,1,1,1,1,0,1,0,2024
1,1,1,1,1,1,1,1,0,0,1,0,1,1,1,0,2025
1,1,0,0,1,0,1,1,0,1,0,1,1,1,1,1,2026
1,0,0,0,0,0,0,0,1,0,1,1,0,0,1,0,2027
1,0,1,1,0,0,0,1,0,0,1,1,0,0,0,0,2028
1,1,1,0,1,0,0,1,0,1,0,1,1,1,1,1,2029
1,0,0,1,0,1,0,1,0,0,1,0,0,0,1,0,2030
0,1,0,1,1,0,0,0,0,0,0,1,0,0,0,1,2032
1,1,1,1,0,1,1,1,1,1,1,0,0,1,1,0,2033
1,1,1,0,0,1,1,1,1,1,1,0,1,1,1,0,2034
1,1,1,0,1,0,1,1,0,1,0,1,1,0,1,1,2035
1,1,0,1,1,1,1,0,0,0,0,0,1,1,1,0,2036
0,0,1,0,0,0,1,0,0,0,0,0,0,0,1,0,2037
0,0,1,1,0,1,0,1,0,0,1,0,0,0,1,0,2038
0,0,1,0,0,0,0,0,1,0,1,1,0,0,1,0,2039
1,0,1,1,1,1,1,1,1,1,1,0,1,0,0,0,2040
1,0,1,1,0,1,0,0,0,0,1,0,0,0,1,0,2041
0,0,0,1,0,0,0,0,1,0,1,1,0,0,1,0,2042
0,1,1,1,0,1,1,1,1,1,1,0,1,1,1,0,2044
1,1,1,0,1,1,1,1,0,0,0,0,1,1,0,0,2045
1,0,1,0,1,1,0,1,1,1,1,0,1,1,1,0,2046
1,0,1,0,1,1,1,1,1,1,1,0,1,1,0,0,2048
0,0,1,0,1,1,1,1,1,1,1,0,1,1,1,0,2049
0,0,0,0,1,0,0,0,1,0,1,1,0,0,1,0,2050
1,0,1,0,0,0,1,1,0,1,0,1,0,1,1,0,2051
1,0,0,0,0,0,1,0,0,0,0,0,0,0,1,0,2052
1,1,0,0,1,1,1,1,0,0,0,0,1,1,1,0,2054
0,0,1,0,1,0,0,0,1,0,1,1,0,0,0,0,2055
1,0,1,1,0,1,0,1,0,0,1,0,0,0,0,0,2056
0,0,0,1,1,0,0,0,1,0,1,1,0,0,0,0,2057
1,1,0,1,0,1,1,1,1,1,1,0,1,1,1,0,2058
0,1,1,0,1,1,1,1,0,0,0,0,1,1,1,0,2059
0,0,0,0,0,0,0,1,1,0,1,1,0,0,1,0,2060
1,0,1,0,0,0,0,0,0,1,0,1,0,0,0,1,2061
1,0,0,0,0,1,0,1,0,0,1,1,0,0,1,0,2062
1,1,1,0,1,0,1,0,0,1,0,1,1,1,1,1,2063
0,0,1,0,0,0,1,0,0,0,1,0,0,0,0,0,2064
1,0,0,0,1,1,1,1,1,1,1,0,1,1,1,0,2065
0,0,1,0,0,1,0,1,0,0,1,1,0,0,1,0,2066
0,0,1,0,0,0,0,1,1,0,1,1,0,0,0,0,2067
1,0,1,0,0,0,0,0,0,1,1,1,1,0,1,0,2068
1,1,1,1,0,1,0,1,1,1,1,0,1,1,1,0,2070
1,0,0,0,0,0,0,1,1,0,1,1,0,0,0,0,2071
0,0,0,1,1,1,1,1,1,1,1,0,1,1,1,0,2073
1,0,1,0,0,1,0,0,0,0,1,1,0,0,1,0,2074
0,1,1,1,1,1,1,1,0,0,0,0,1,1,0,0,2076
1,0,1,0,0,1,0,1,0,0,1,1,0,0,0,0,2077
1,0,0,1,0,0,1,1,0,1,0,1,0,1,1,0,2078
1,0,0,1,1,1,0,1,1,1,1,0,1,1,1,0,2079
1,1,0,1,1,1,1,1,0,0,0,0,1,1,0,0,2080
0,0,0,1,0,1,0,1,0,0,1,1,0,0,1,0,2082
1,0,0,1,1,1,1,1,1,1,1,0,1,1,0,0,2083
1,0,0,0,0,0,1,0,0,0,1,0,0,0,0,0,2084
1,0,0,1,0,1,0,0,0,0,1,1,0,0,1,0,2085
0,1,1,1,1,0,0,1,0,1,0,1,1,1,1,1,2086
0,1,0,1,1,1,1,1,0,0,0,0,1,1,1,0,2087
0,0,1,1,0,0,1,1,0,1,0,1,0,1,1,0,2088
0,1,1,1,1,0,1,1,0,1,0,1,1,0,1,1,2089
1,0,0,0,0,0,0,0,0,1,0,1,0,0,1,1,2090
0,0,0,1,0,0,0,1,1,0,1,1,0,0,0,0,2091
0,0,1,0,0,0,0,0,0,1,0,1,0,0,1,1,2092
0,1,1,1,1,0,1,0,0,1,0,1,1,1,1,1,2093
0,0,0,1,0,0,0,0,0,1,0,1,0,0,1,1,2094
1,0,1,0,0,0,1,1,1,1,0,1,0,1,0,0,2095
1,0,0,1,0,0,1,1,1,1,0,1,0,1,0,0,2096
1,0,0,1,0,1,0,1,0,0,1,1,0,0,0,0,2097
0,0,1,1,1,1,0,1,1,1,1,0,1,1,1,0,2098
1,0,1,1,1,0,1,0,1,0,0,0,1,1,1,0,2099
0,0,0,0,1,0,0,1,1,0,1,1,0,0,0,0,2100
0,0,1,1,0,0,1,1,1,1,0,1,0,1,0,0,2101
1,0,1,0,1,0,1,1,1,0,0,0,1,1,1,0,2102
0,1,1,1,1,0,1,1,0,1,0,1,1,1,0,1,2103
1,0,1,1,1,0,1,1,1,0,0,0,1,1,0,0,2104
0,0,1,1,1,1,1,1,1,1,1,0,1,1,0,0,2105
0,0,1,0,0,0,1,1,0,0,0,0,0,0,0,0,2106
1,0,1,1,0,0,0,1,1,0,0,0,1,0,1,1,2107
1,0,1,1,0,0,0,1,1,0,0,0,1,0,1,0,2108
0,0,0,0,0,0,1,0,1,0,1,1,0,0,1,0,2109
1,1,1,1,1,1,0,1,1,1,1,0,0,1,1,0,2110
1,0,0,0,0,0,1,0,1,0,1,1,0,0,0,0,2111
0,0,1,0,0,0,1,0,1,0,1,1,0,0,0,0,2112
0,0,0,1,0,0,1,0,1,0,1,1,0,0,0,0,2113
